url,captionist,assessor,caption,grade,id,filepath
http://cocodataset.org/#explore?id=393274,COCO,Aymeric,a yellow and white train traveling past a train station,0.9,393274,/root/fiftyone/coco-2017/train/data/000000393274.jpg
http://cocodataset.org/#explore?id=393274,Arthur,Aymeric,several trains parked in a train station,0.3,393274,/root/fiftyone/coco-2017/train/data/000000393274.jpg
http://cocodataset.org/#explore?id=393274,Arthur,Aymeric,a river with people nearby,0.0,393274,/root/fiftyone/coco-2017/train/data/000000393274.jpg
http://cocodataset.org/#explore?id=427123,COCO,Léo,"three people in formal military uniforms, two are wearing medals around their necks",1.0,427123,/root/fiftyone/coco-2017/train/data/000000427123.jpg
http://cocodataset.org/#explore?id=427123,Arthur,Léo,smiling researchers receiving the Nobel prize,0.5,427123,/root/fiftyone/coco-2017/train/data/000000427123.jpg
http://cocodataset.org/#explore?id=427123,Arthur,Léo,three donkeys in a dark room,0.0,427123,/root/fiftyone/coco-2017/train/data/000000427123.jpg
http://cocodataset.org/#explore?id=405324,COCO,Conrad,the girl has a plate with a sandwich on it,1.0,405324,/root/fiftyone/coco-2017/train/data/000000405324.jpg
http://cocodataset.org/#explore?id=405324,Arthur,Conrad,a fancy dinner downtown,0.6,405324,/root/fiftyone/coco-2017/train/data/000000405324.jpg
http://cocodataset.org/#explore?id=405324,Arthur,Conrad,his empty plate causes the baby to cry,0.0,405324,/root/fiftyone/coco-2017/train/data/000000405324.jpg
http://cocodataset.org/#explore?id=300357,COCO,Aymeric,a woman in a skirt and colorful shirt kneeling down on floral fabric,0.95,300357,/root/fiftyone/coco-2017/train/data/000000300357.jpg
http://cocodataset.org/#explore?id=300357,Arthur,Aymeric,a woman trying desperately to leave her bed,0.6,300357,/root/fiftyone/coco-2017/train/data/000000300357.jpg
http://cocodataset.org/#explore?id=300357,Arthur,Aymeric,"two men lying in the sun, one using his dog as a kind of cushion",0.0,300357,/root/fiftyone/coco-2017/train/data/000000300357.jpg
http://cocodataset.org/#explore?id=57340,COCO,Léo,there is a tower that has a american flag at the top and a clock on it,1.0,57340,/root/fiftyone/coco-2017/train/data/000000057340.jpg
http://cocodataset.org/#explore?id=57340,Arthur,Léo,the night is falling over Manhattan,0.3,57340,/root/fiftyone/coco-2017/train/data/000000057340.jpg
http://cocodataset.org/#explore?id=57340,Arthur,Léo,sunset over the Mississipi river,0.0,57340,/root/fiftyone/coco-2017/train/data/000000057340.jpg
http://cocodataset.org/#explore?id=198654,COCO,Conrad,there are people playing a game of baseball,1.0,198654,/root/fiftyone/coco-2017/train/data/000000198654.jpg
http://cocodataset.org/#explore?id=198654,Arthur,Conrad,players play the game,0.6,198654,/root/fiftyone/coco-2017/train/data/000000198654.jpg
http://cocodataset.org/#explore?id=198654,Arthur,Conrad,dancers dancing on a Broadway show,0.0,198654,/root/fiftyone/coco-2017/train/data/000000198654.jpg
http://cocodataset.org/#explore?id=518361,COCO,Aymeric,three people standing at the zoo watching a elephant,0.95,518361,/root/fiftyone/coco-2017/train/data/000000518361.jpg
http://cocodataset.org/#explore?id=518361,Arthur,Aymeric,six people standing at the zoo watching two elephant,0.65,518361,/root/fiftyone/coco-2017/train/data/000000518361.jpg
http://cocodataset.org/#explore?id=518361,Arthur,Aymeric,nobody watching nothing,0.1,518361,/root/fiftyone/coco-2017/train/data/000000518361.jpg
http://cocodataset.org/#explore?id=525640,COCO,Léo,a banana dressed up to look like a person infront of a paper,0.7,525640,/root/fiftyone/coco-2017/train/data/000000525640.jpg
http://cocodataset.org/#explore?id=525640,Arthur,Léo,a man signing a contract,0.0,525640,/root/fiftyone/coco-2017/train/data/000000525640.jpg
http://cocodataset.org/#explore?id=525640,Arthur,Léo,a salad fruit in the process of making,0.1,525640,/root/fiftyone/coco-2017/train/data/000000525640.jpg
http://cocodataset.org/#explore?id=526347,COCO,Conrad,a skateboarder on a skateboard in a skate park,1.0,526347,/root/fiftyone/coco-2017/train/data/000000526347.jpg
http://cocodataset.org/#explore?id=526347,Arthur,Conrad,a young man in shorts doing sports,0.4,526347,/root/fiftyone/coco-2017/train/data/000000526347.jpg
http://cocodataset.org/#explore?id=526347,Arthur,Conrad,a girl running after her dog,0.0,526347,/root/fiftyone/coco-2017/train/data/000000526347.jpg
http://cocodataset.org/#explore?id=4130,COCO,Aymeric,a bus parked on a street in front of several buildings,0.7,4130,/root/fiftyone/coco-2017/train/data/000000004130.jpg
http://cocodataset.org/#explore?id=4130,Arthur,Aymeric,a busy street some days before Christmas,0.3,4130,/root/fiftyone/coco-2017/train/data/000000004130.jpg
http://cocodataset.org/#explore?id=4130,Arthur,Aymeric,a murder scene in a kitchen appliance shop,0.0,4130,/root/fiftyone/coco-2017/train/data/000000004130.jpg
http://cocodataset.org/#explore?id=522661,COCO,Léo,two people holding suitcases walking towards a greyhound bus,0.9,522661,/root/fiftyone/coco-2017/train/data/000000522661.jpg
http://cocodataset.org/#explore?id=522661,Arthur,Léo,a group of persons running after a departing long-distance bus,0.5,522661,/root/fiftyone/coco-2017/train/data/000000522661.jpg
http://cocodataset.org/#explore?id=522661,Arthur,Léo,two swimmers in bathing suits lining at the front desk,0.0,522661,/root/fiftyone/coco-2017/train/data/000000522661.jpg
http://cocodataset.org/#explore?id=310526,COCO,Conrad,a traffic light with a green signal next to tall buildings,0.9,310526,/root/fiftyone/coco-2017/train/data/000000310526.jpg
http://cocodataset.org/#explore?id=310526,Arthur,Conrad,a red traffic light in the country side,0.3,310526,/root/fiftyone/coco-2017/train/data/000000310526.jpg
http://cocodataset.org/#explore?id=310526,Arthur,Conrad,a male swan on a lake is courtshipping a female swan,0.0,310526,/root/fiftyone/coco-2017/train/data/000000310526.jpg
http://cocodataset.org/#explore?id=497591,COCO,Aymeric,a small child is sitting on a bench outside,0.7,497591,/root/fiftyone/coco-2017/train/data/000000497591.jpg
http://cocodataset.org/#explore?id=497591,Arthur,Aymeric,a child waiting for his parents to finish shopping,0.2,497591,/root/fiftyone/coco-2017/train/data/000000497591.jpg
http://cocodataset.org/#explore?id=497591,Arthur,Aymeric,a shop with UNDERGROUND written on the entrance,0.1,497591,/root/fiftyone/coco-2017/train/data/000000497591.jpg
http://cocodataset.org/#explore?id=338991,COCO,Léo,a man is on a tennis court playing tennis,1.0,338991,/root/fiftyone/coco-2017/train/data/000000338991.jpg
http://cocodataset.org/#explore?id=338991,Arthur,Léo,fours tennis players sharing a court for a match,0.4,338991,/root/fiftyone/coco-2017/train/data/000000338991.jpg
http://cocodataset.org/#explore?id=338991,Arthur,Léo,a very tall man kissing a very short girl,0.0,338991,/root/fiftyone/coco-2017/train/data/000000338991.jpg
http://cocodataset.org/#explore?id=446463,COCO,Conrad,an old fashioned photograph of a fleet of buses,1.0,446463,/root/fiftyone/coco-2017/train/data/000000446463.jpg
http://cocodataset.org/#explore?id=446463,Arthur,Conrad,Jules Verne's vision for public transport in 2000,0.8,446463,/root/fiftyone/coco-2017/train/data/000000446463.jpg
http://cocodataset.org/#explore?id=446463,Arthur,Conrad,A naked person being captured by the police,0.0,446463,/root/fiftyone/coco-2017/train/data/000000446463.jpg
http://cocodataset.org/#explore?id=50356,COCO,Aymeric,a lot of flowers that are sitting on a table,0.75,50356,/root/fiftyone/coco-2017/train/data/000000050356.jpg
http://cocodataset.org/#explore?id=50356,Arthur,Aymeric,a red rose in a transparent vase,0.5,50356,/root/fiftyone/coco-2017/train/data/000000050356.jpg
http://cocodataset.org/#explore?id=50356,Arthur,Aymeric,a farmer harvesting sunflowers,0.05,50356,/root/fiftyone/coco-2017/train/data/000000050356.jpg
http://cocodataset.org/#explore?id=301402,COCO,Léo,a man sits at a table with a laptop computer on his knees,0.9,301402,/root/fiftyone/coco-2017/train/data/000000301402.jpg
http://cocodataset.org/#explore?id=301402,Arthur,Léo,a young boy fidgetting while a woman is talking,0.2,301402,/root/fiftyone/coco-2017/train/data/000000301402.jpg
http://cocodataset.org/#explore?id=301402,Arthur,Léo,a young man asking for helpo in a computer shop,0.5,301402,/root/fiftyone/coco-2017/train/data/000000301402.jpg
http://cocodataset.org/#explore?id=56624,COCO,Conrad,a wood bench is outside covered in snow,1.0,56624,/root/fiftyone/coco-2017/train/data/000000056624.jpg
http://cocodataset.org/#explore?id=56624,Arthur,Conrad,a bench decorated for Christmas,0.6,56624,/root/fiftyone/coco-2017/train/data/000000056624.jpg
http://cocodataset.org/#explore?id=56624,Arthur,Conrad,three PWC employees writing a report,0.0,56624,/root/fiftyone/coco-2017/train/data/000000056624.jpg
http://cocodataset.org/#explore?id=21097,COCO,Aymeric,the meal on the table is ready to be eaten,0.4,21097,/root/fiftyone/coco-2017/train/data/000000021097.jpg
http://cocodataset.org/#explore?id=21097,Arthur,Aymeric,italian dish and plastic cutlery,0.6,21097,/root/fiftyone/coco-2017/train/data/000000021097.jpg
http://cocodataset.org/#explore?id=21097,Arthur,Aymeric,a polluted river with dead fish,0.0,21097,/root/fiftyone/coco-2017/train/data/000000021097.jpg
http://cocodataset.org/#explore?id=14824,COCO,Léo,a group of people dressed as zombies near a stop sign,1.0,14824,/root/fiftyone/coco-2017/train/data/000000014824.jpg
http://cocodataset.org/#explore?id=14824,Arthur,Léo,a confused scene after an attack,0.3,14824,/root/fiftyone/coco-2017/train/data/000000014824.jpg
http://cocodataset.org/#explore?id=14824,Arthur,Léo,a giraffe eating leaves at the top of the trees,0.0,14824,/root/fiftyone/coco-2017/train/data/000000014824.jpg
http://cocodataset.org/#explore?id=317730,COCO,Conrad,a man is holding a surfboard decorated with the image of a woman,1.0,317730,/root/fiftyone/coco-2017/train/data/000000317730.jpg
http://cocodataset.org/#explore?id=317730,Arthur,Conrad,a man is holding a surfboard decorated with the image of an octopus,0.7,317730,/root/fiftyone/coco-2017/train/data/000000317730.jpg
http://cocodataset.org/#explore?id=317730,Arthur,Conrad,a man is holding skis decorated with snakes,0.3,317730,/root/fiftyone/coco-2017/train/data/000000317730.jpg
http://cocodataset.org/#explore?id=160703,COCO,Aymeric,two pizza's on sliver pans on a table with utensils,0.95,160703,/root/fiftyone/coco-2017/train/data/000000160703.jpg
http://cocodataset.org/#explore?id=160703,Arthur,Aymeric,five pizzas about to be eaten,0.6,160703,/root/fiftyone/coco-2017/train/data/000000160703.jpg
http://cocodataset.org/#explore?id=160703,Arthur,Aymeric,a mob assaulting an empty pizza place,0.2,160703,/root/fiftyone/coco-2017/train/data/000000160703.jpg
http://cocodataset.org/#explore?id=302313,COCO,Léo,the thin cow eats some grass next to the tree,0.9,302313,/root/fiftyone/coco-2017/train/data/000000302313.jpg
http://cocodataset.org/#explore?id=302313,Arthur,Léo,black and white cow on a green pasture land,0.4,302313,/root/fiftyone/coco-2017/train/data/000000302313.jpg
http://cocodataset.org/#explore?id=302313,Arthur,Léo,a cow herd mooing under the moonlight,0.1,302313,/root/fiftyone/coco-2017/train/data/000000302313.jpg
http://cocodataset.org/#explore?id=104842,COCO,Conrad,a skateboarded takes to the air in a skateboard park,1.0,104842,/root/fiftyone/coco-2017/train/data/000000104842.jpg
http://cocodataset.org/#explore?id=104842,Arthur,Conrad,a skateboarder at rest is watching other skateboarders,0.6,104842,/root/fiftyone/coco-2017/train/data/000000104842.jpg
http://cocodataset.org/#explore?id=104842,Arthur,Conrad,a little girl reading a book about skateboards at the library,0.1,104842,/root/fiftyone/coco-2017/train/data/000000104842.jpg
http://cocodataset.org/#explore?id=569865,COCO,Arthur,autumn trees are next to hanging stop lights.,0.9,569865,/root/fiftyone/coco-2017/train/data/000000569865.jpg
http://cocodataset.org/#explore?id=569865,Conrad,Arthur,a traffic stop,0.75,569865,/root/fiftyone/coco-2017/train/data/000000569865.jpg
http://cocodataset.org/#explore?id=569865,Conrad,Arthur,a man is hitchhiking by the side of road,0.3,569865,/root/fiftyone/coco-2017/train/data/000000569865.jpg
http://cocodataset.org/#explore?id=62824,COCO,Aymeric,a street sign stands on the 8500 west block of hollywood boulevard.,0.88,62824,/root/fiftyone/coco-2017/train/data/000000062824.jpg
http://cocodataset.org/#explore?id=62824,Conrad,Aymeric,a street sign,0.3,62824,/root/fiftyone/coco-2017/train/data/000000062824.jpg
http://cocodataset.org/#explore?id=62824,Conrad,Aymeric,a traffic light with a green signal next to tall buildings,0.05,62824,/root/fiftyone/coco-2017/train/data/000000062824.jpg
http://cocodataset.org/#explore?id=327802,COCO,Léo,a street sign set in the edge of the sidewalk that says stockton st.,1.0,327802,/root/fiftyone/coco-2017/train/data/000000327802.jpg
http://cocodataset.org/#explore?id=327802,Conrad,Léo,a street sign on the sidewalk,0.8,327802,/root/fiftyone/coco-2017/train/data/000000327802.jpg
http://cocodataset.org/#explore?id=327802,Conrad,Léo,a picture of the figure 13 from a textbook,0.0,327802,/root/fiftyone/coco-2017/train/data/000000327802.jpg
http://cocodataset.org/#explore?id=385341,COCO,Arthur,a couple of people that are sitting down with wii remotes,1.0,385341,/root/fiftyone/coco-2017/train/data/000000385341.jpg
http://cocodataset.org/#explore?id=385341,Conrad,Arthur,two persons holding remotes,1.0,385341,/root/fiftyone/coco-2017/train/data/000000385341.jpg
http://cocodataset.org/#explore?id=385341,Conrad,Arthur,some family pictures,0.4,385341,/root/fiftyone/coco-2017/train/data/000000385341.jpg
http://cocodataset.org/#explore?id=370121,COCO,Aymeric,a bench sits in a field by the water while it is cloudy.,0.95,370121,/root/fiftyone/coco-2017/train/data/000000370121.jpg
http://cocodataset.org/#explore?id=370121,Conrad,Aymeric,a bench next to a tree,0.6,370121,/root/fiftyone/coco-2017/train/data/000000370121.jpg
http://cocodataset.org/#explore?id=370121,Conrad,Aymeric,a family picnic,0.1,370121,/root/fiftyone/coco-2017/train/data/000000370121.jpg
http://cocodataset.org/#explore?id=475277,COCO,Léo,a white horse looking up for a photo at a fence side.,1.0,475277,/root/fiftyone/coco-2017/train/data/000000475277.jpg
http://cocodataset.org/#explore?id=475277,Conrad,Léo,a close up of a white horse,0.8,475277,/root/fiftyone/coco-2017/train/data/000000475277.jpg
http://cocodataset.org/#explore?id=475277,Conrad,Léo,me riding a white horse,0.4,475277,/root/fiftyone/coco-2017/train/data/000000475277.jpg
http://cocodataset.org/#explore?id=140122,COCO,Arthur,"a computer monitor, keyboard, and tower with peripherals and plugs sit on a desk.",1.0,140122,/root/fiftyone/coco-2017/train/data/000000140122.jpg
http://cocodataset.org/#explore?id=140122,Conrad,Arthur,a desktop for remote working,0.8,140122,/root/fiftyone/coco-2017/train/data/000000140122.jpg
http://cocodataset.org/#explore?id=140122,Conrad,Arthur,a kitchen with a computer,0.2,140122,/root/fiftyone/coco-2017/train/data/000000140122.jpg
http://cocodataset.org/#explore?id=119502,COCO,Aymeric,toddler boy in a tie playing in a dish of mud.,0.92,119502,/root/fiftyone/coco-2017/train/data/000000119502.jpg
http://cocodataset.org/#explore?id=119502,Conrad,Aymeric,a little boy playing outside,0.7,119502,/root/fiftyone/coco-2017/train/data/000000119502.jpg
http://cocodataset.org/#explore?id=119502,Conrad,Aymeric,a little boy is burying his toy,0.6,119502,/root/fiftyone/coco-2017/train/data/000000119502.jpg
http://cocodataset.org/#explore?id=413868,COCO,Léo,a man in the woods throws a frisbee,0.9,413868,/root/fiftyone/coco-2017/train/data/000000413868.jpg
http://cocodataset.org/#explore?id=413868,Conrad,Léo,a cowboy throws a bone at his dog,0.2,413868,/root/fiftyone/coco-2017/train/data/000000413868.jpg
http://cocodataset.org/#explore?id=413868,Conrad,Léo,a cowboy is skeet shooting,0.0,413868,/root/fiftyone/coco-2017/train/data/000000413868.jpg
http://cocodataset.org/#explore?id=12650,COCO,Arthur,several people gathered outside of a bar at night.,0.9,12650,/root/fiftyone/coco-2017/train/data/000000012650.jpg
http://cocodataset.org/#explore?id=12650,Conrad,Arthur,a group of people in front of a bar,0.9,12650,/root/fiftyone/coco-2017/train/data/000000012650.jpg
http://cocodataset.org/#explore?id=12650,Conrad,Arthur,the last bar before the apocalypse,0.1,12650,/root/fiftyone/coco-2017/train/data/000000012650.jpg
http://cocodataset.org/#explore?id=269338,COCO,Aymeric,a baseball player sliding into a base with another player bent over with glove extended toward a flying baseball.,0.98,269338,/root/fiftyone/coco-2017/train/data/000000269338.jpg
http://cocodataset.org/#explore?id=269338,Conrad,Aymeric,a baseball match,0.65,269338,/root/fiftyone/coco-2017/train/data/000000269338.jpg
http://cocodataset.org/#explore?id=269338,Conrad,Aymeric,two tennismen playing in a court,0.2,269338,/root/fiftyone/coco-2017/train/data/000000269338.jpg
http://cocodataset.org/#explore?id=514601,COCO,Léo,the train platform has green benches on it.,0.9,514601,/root/fiftyone/coco-2017/train/data/000000514601.jpg
http://cocodataset.org/#explore?id=514601,Conrad,Léo,the train platform is empty,0.9,514601,/root/fiftyone/coco-2017/train/data/000000514601.jpg
http://cocodataset.org/#explore?id=514601,Conrad,Léo,the Massy-Palaiseau train station,0.5,514601,/root/fiftyone/coco-2017/train/data/000000514601.jpg
http://cocodataset.org/#explore?id=495456,COCO,Arthur,a person using an oven mitt to take something from the oven.,0.9,495456,/root/fiftyone/coco-2017/train/data/000000495456.jpg
http://cocodataset.org/#explore?id=495456,Conrad,Arthur,something is baking in the oven,0.8,495456,/root/fiftyone/coco-2017/train/data/000000495456.jpg
http://cocodataset.org/#explore?id=495456,Conrad,Arthur,someone is baking in the oven,0.1,495456,/root/fiftyone/coco-2017/train/data/000000495456.jpg
http://cocodataset.org/#explore?id=106513,COCO,Aymeric,bus at rainy bus stop with commuters waiting,0.9,106513,/root/fiftyone/coco-2017/train/data/000000106513.jpg
http://cocodataset.org/#explore?id=106513,Conrad,Aymeric,commuters are waiting for the bus,0.75,106513,/root/fiftyone/coco-2017/train/data/000000106513.jpg
http://cocodataset.org/#explore?id=106513,Conrad,Aymeric,students are waiting for the 91.06 bus,0.55,106513,/root/fiftyone/coco-2017/train/data/000000106513.jpg
http://cocodataset.org/#explore?id=380258,COCO,Léo,a pigeon sitting outside a window of a high rise building,0.9,380258,/root/fiftyone/coco-2017/train/data/000000380258.jpg
http://cocodataset.org/#explore?id=380258,Conrad,Léo,a pigeon is looking through the window,0.8,380258,/root/fiftyone/coco-2017/train/data/000000380258.jpg
http://cocodataset.org/#explore?id=380258,Conrad,Léo,a peeping tom is looking through the window,0.2,380258,/root/fiftyone/coco-2017/train/data/000000380258.jpg
http://cocodataset.org/#explore?id=61354,COCO,Arthur,an open market selling assorted fruits with bananas hanging,1.0,61354,/root/fiftyone/coco-2017/train/data/000000061354.jpg
http://cocodataset.org/#explore?id=61354,Conrad,Arthur,bananas are hanging on a pipe,1.0,61354,/root/fiftyone/coco-2017/train/data/000000061354.jpg
http://cocodataset.org/#explore?id=61354,Conrad,Arthur,people are distributing free bananas,0.2,61354,/root/fiftyone/coco-2017/train/data/000000061354.jpg
http://cocodataset.org/#explore?id=506034,COCO,Aymeric,there is a side view mirror and traffic lights in this picture,0.7,506034,/root/fiftyone/coco-2017/train/data/000000506034.jpg
http://cocodataset.org/#explore?id=506034,Conrad,Aymeric,a left view from a vehicule,0.7,506034,/root/fiftyone/coco-2017/train/data/000000506034.jpg
http://cocodataset.org/#explore?id=506034,Conrad,Aymeric,someone is driving to school,0.3,506034,/root/fiftyone/coco-2017/train/data/000000506034.jpg
http://cocodataset.org/#explore?id=239593,COCO,Léo,a black and white picture of a train going down a track with a city in the background,1.0,239593,/root/fiftyone/coco-2017/train/data/000000239593.jpg
http://cocodataset.org/#explore?id=239593,Conrad,Léo,a building with many street tags,0.4,239593,/root/fiftyone/coco-2017/train/data/000000239593.jpg
http://cocodataset.org/#explore?id=239593,Conrad,Léo,the train is going through the building,0.2,239593,/root/fiftyone/coco-2017/train/data/000000239593.jpg
http://cocodataset.org/#explore?id=103375,COCO,Arthur,a bed has its covers pulled back in a dark room.,1.0,103375,/root/fiftyone/coco-2017/train/data/000000103375.jpg
http://cocodataset.org/#explore?id=103375,Conrad,Arthur,a bedroom with a king size bed,0.9,103375,/root/fiftyone/coco-2017/train/data/000000103375.jpg
http://cocodataset.org/#explore?id=103375,Conrad,Arthur,the living room,0.1,103375,/root/fiftyone/coco-2017/train/data/000000103375.jpg
http://cocodataset.org/#explore?id=452687,COCO,Aymeric,a person's foot strapped into a black snowboard.,0.88,452687,/root/fiftyone/coco-2017/train/data/000000452687.jpg
http://cocodataset.org/#explore?id=452687,Conrad,Aymeric,a black snowboard,0.66,452687,/root/fiftyone/coco-2017/train/data/000000452687.jpg
http://cocodataset.org/#explore?id=452687,Conrad,Aymeric,someone is sunbathing,0.05,452687,/root/fiftyone/coco-2017/train/data/000000452687.jpg
http://cocodataset.org/#explore?id=430885,COCO,Léo,a cloudy skyline with silhouettes of industrial buildings.,0.9,430885,/root/fiftyone/coco-2017/train/data/000000430885.jpg
http://cocodataset.org/#explore?id=430885,Conrad,Léo,many industrial buildings with a green light,0.8,430885,/root/fiftyone/coco-2017/train/data/000000430885.jpg
http://cocodataset.org/#explore?id=430885,Conrad,Léo,A bansky art,0.2,430885,/root/fiftyone/coco-2017/train/data/000000430885.jpg
http://cocodataset.org/#explore?id=292152,COCO,Arthur,a toasted ham sandwich with a pickle on a white plate.,1.0,292152,/root/fiftyone/coco-2017/train/data/000000292152.jpg
http://cocodataset.org/#explore?id=292152,Conrad,Arthur,a fine dining breakfast,0.4,292152,/root/fiftyone/coco-2017/train/data/000000292152.jpg
http://cocodataset.org/#explore?id=292152,Conrad,Arthur,a baby is crying because the plate is empty,0.05,292152,/root/fiftyone/coco-2017/train/data/000000292152.jpg
http://cocodataset.org/#explore?id=90024,COCO,Aymeric,a giant teddy bear in front of some trees at the mall,0.93,90024,/root/fiftyone/coco-2017/train/data/000000090024.jpg
http://cocodataset.org/#explore?id=90024,Conrad,Aymeric,a front view of a mall entrance,0.63,90024,/root/fiftyone/coco-2017/train/data/000000090024.jpg
http://cocodataset.org/#explore?id=90024,Conrad,Aymeric,santa claus is delivering gifts to children,0.0,90024,/root/fiftyone/coco-2017/train/data/000000090024.jpg
http://cocodataset.org/#explore?id=575331,COCO,Léo,an octopus kite is being flown next to a scuba diver kite above a city park.,1.0,575331,/root/fiftyone/coco-2017/train/data/000000575331.jpg
http://cocodataset.org/#explore?id=575331,Conrad,Léo,"two kites, one city park",0.6,575331,/root/fiftyone/coco-2017/train/data/000000575331.jpg
http://cocodataset.org/#explore?id=575331,Conrad,Léo,a airballoon has taken off,0.1,575331,/root/fiftyone/coco-2017/train/data/000000575331.jpg
http://cocodataset.org/#explore?id=404917,COCO,Arthur,a baseball player throwing a baseball on a field.,1.0,404917,/root/fiftyone/coco-2017/train/data/000000404917.jpg
http://cocodataset.org/#explore?id=404917,Conrad,Arthur,a baseball game,0.9,404917,/root/fiftyone/coco-2017/train/data/000000404917.jpg
http://cocodataset.org/#explore?id=404917,Conrad,Arthur,a boy has broken a window with his baseball thrown,0.1,404917,/root/fiftyone/coco-2017/train/data/000000404917.jpg
http://cocodataset.org/#explore?id=13176,COCO,Aymeric,a man bending to look into a small fridge,0.93,13176,/root/fiftyone/coco-2017/train/data/000000013176.jpg
http://cocodataset.org/#explore?id=13176,Léo,Aymeric,a man near a fridge,0.75,13176,/root/fiftyone/coco-2017/train/data/000000013176.jpg
http://cocodataset.org/#explore?id=13176,Léo,Aymeric,an octopus in the bottom of a hole,0.0,13176,/root/fiftyone/coco-2017/train/data/000000013176.jpg
http://cocodataset.org/#explore?id=230227,COCO,Conrad,a cat sitting on a table with a blurred image in the background,1.0,230227,/root/fiftyone/coco-2017/train/data/000000230227.jpg
http://cocodataset.org/#explore?id=230227,Léo,Conrad,a cat,0.7,230227,/root/fiftyone/coco-2017/train/data/000000230227.jpg
http://cocodataset.org/#explore?id=230227,Léo,Conrad,a dancer and an accordion,0.0,230227,/root/fiftyone/coco-2017/train/data/000000230227.jpg
http://cocodataset.org/#explore?id=122355,COCO,Arthur,four people smiling with tennis rackets in their hands,1.0,122355,/root/fiftyone/coco-2017/train/data/000000122355.jpg
http://cocodataset.org/#explore?id=122355,Léo,Arthur,people playing tennis,0.8,122355,/root/fiftyone/coco-2017/train/data/000000122355.jpg
http://cocodataset.org/#explore?id=122355,Léo,Arthur,a snowman inside a dark forest,0.0,122355,/root/fiftyone/coco-2017/train/data/000000122355.jpg
http://cocodataset.org/#explore?id=359143,COCO,Aymeric,a blurry photo of a cyclist on a forest path,0.96,359143,/root/fiftyone/coco-2017/train/data/000000359143.jpg
http://cocodataset.org/#explore?id=359143,Léo,Aymeric,a man on a bicycle,0.75,359143,/root/fiftyone/coco-2017/train/data/000000359143.jpg
http://cocodataset.org/#explore?id=359143,Léo,Aymeric,the olympic games of tokyo,0.0,359143,/root/fiftyone/coco-2017/train/data/000000359143.jpg
http://cocodataset.org/#explore?id=135288,COCO,Conrad,a young man holding a plate and eating a piece of cake,1.0,135288,/root/fiftyone/coco-2017/train/data/000000135288.jpg
http://cocodataset.org/#explore?id=135288,Léo,Conrad,a man eating a cake,0.9,135288,/root/fiftyone/coco-2017/train/data/000000135288.jpg
http://cocodataset.org/#explore?id=135288,Léo,Conrad,two daughters on the ground,0.0,135288,/root/fiftyone/coco-2017/train/data/000000135288.jpg
http://cocodataset.org/#explore?id=273029,COCO,Arthur,a piece of pizza with many topping on it,0.9,273029,/root/fiftyone/coco-2017/train/data/000000273029.jpg
http://cocodataset.org/#explore?id=273029,Léo,Arthur,a beautiful pizza,0.9,273029,/root/fiftyone/coco-2017/train/data/000000273029.jpg
http://cocodataset.org/#explore?id=273029,Léo,Arthur,an empty field in the setting sun,0.0,273029,/root/fiftyone/coco-2017/train/data/000000273029.jpg
http://cocodataset.org/#explore?id=185633,COCO,Aymeric,an old bathroom with peeling paint on the walls and lots of toiletries scattered around,0.9,185633,/root/fiftyone/coco-2017/train/data/000000185633.jpg
http://cocodataset.org/#explore?id=185633,Léo,Aymeric,an ugly bathroom,0.5,185633,/root/fiftyone/coco-2017/train/data/000000185633.jpg
http://cocodataset.org/#explore?id=185633,Léo,Aymeric,the kitchen of an asiatic restaurant,0.05,185633,/root/fiftyone/coco-2017/train/data/000000185633.jpg
http://cocodataset.org/#explore?id=270222,COCO,Conrad,several small clocks are all connected with human-like ornaments,1.0,270222,/root/fiftyone/coco-2017/train/data/000000270222.jpg
http://cocodataset.org/#explore?id=270222,Léo,Conrad,different clocks on the wall,0.8,270222,/root/fiftyone/coco-2017/train/data/000000270222.jpg
http://cocodataset.org/#explore?id=270222,Léo,Conrad,three ladies looking at burning trees,0.1,270222,/root/fiftyone/coco-2017/train/data/000000270222.jpg
http://cocodataset.org/#explore?id=439868,COCO,Arthur,a skateboarder is jumping onto a rail near crowd,0.9,439868,/root/fiftyone/coco-2017/train/data/000000439868.jpg
http://cocodataset.org/#explore?id=439868,Léo,Arthur,people looking at a skateboarder,0.9,439868,/root/fiftyone/coco-2017/train/data/000000439868.jpg
http://cocodataset.org/#explore?id=439868,Léo,Arthur,a crowd focused on chess players,0.1,439868,/root/fiftyone/coco-2017/train/data/000000439868.jpg
http://cocodataset.org/#explore?id=424174,COCO,Aymeric,a tray heaped with fruit including banans apples oranges and limes,0.95,424174,/root/fiftyone/coco-2017/train/data/000000424174.jpg
http://cocodataset.org/#explore?id=424174,Léo,Aymeric,a bunch of fruits,0.75,424174,/root/fiftyone/coco-2017/train/data/000000424174.jpg
http://cocodataset.org/#explore?id=424174,Léo,Aymeric,an ancient beautiful table and painting on the walls,0.1,424174,/root/fiftyone/coco-2017/train/data/000000424174.jpg
http://cocodataset.org/#explore?id=344720,COCO,Conrad,several cars at an intersection on a city stree,0.9,344720,/root/fiftyone/coco-2017/train/data/000000344720.jpg
http://cocodataset.org/#explore?id=344720,Léo,Conrad,cars near buildings,0.5,344720,/root/fiftyone/coco-2017/train/data/000000344720.jpg
http://cocodataset.org/#explore?id=344720,Léo,Conrad,little red riding hood,0.0,344720,/root/fiftyone/coco-2017/train/data/000000344720.jpg
http://cocodataset.org/#explore?id=292782,COCO,Arthur,a group of people flying their kites on a sunny day,0.9,292782,/root/fiftyone/coco-2017/train/data/000000292782.jpg
http://cocodataset.org/#explore?id=292782,Léo,Arthur,kites in the sky,0.8,292782,/root/fiftyone/coco-2017/train/data/000000292782.jpg
http://cocodataset.org/#explore?id=292782,Léo,Arthur,an old lady eating jam,0.0,292782,/root/fiftyone/coco-2017/train/data/000000292782.jpg
http://cocodataset.org/#explore?id=102765,COCO,Aymeric,two young girls sitting on their luggage outside of a brick building,0.75,102765,/root/fiftyone/coco-2017/train/data/000000102765.jpg
http://cocodataset.org/#explore?id=102765,Léo,Aymeric,ladies with their luggage,0.5,102765,/root/fiftyone/coco-2017/train/data/000000102765.jpg
http://cocodataset.org/#explore?id=102765,Léo,Aymeric,a super-hero fighting bad guys,0.0,102765,/root/fiftyone/coco-2017/train/data/000000102765.jpg
http://cocodataset.org/#explore?id=484149,COCO,Conrad,a field of yellow grass with sheep grazing and standing throughout the areas,1.0,484149,/root/fiftyone/coco-2017/train/data/000000484149.jpg
http://cocodataset.org/#explore?id=484149,Léo,Conrad,sheep grazing,0.7,484149,/root/fiftyone/coco-2017/train/data/000000484149.jpg
http://cocodataset.org/#explore?id=484149,Léo,Conrad,a bunch of flying cows,0.0,484149,/root/fiftyone/coco-2017/train/data/000000484149.jpg
http://cocodataset.org/#explore?id=27593,COCO,Arthur,a man flying through the air on top of a skateboard,0.9,27593,/root/fiftyone/coco-2017/train/data/000000027593.jpg
http://cocodataset.org/#explore?id=27593,Léo,Arthur,a skateboard in the airs,1.0,27593,/root/fiftyone/coco-2017/train/data/000000027593.jpg
http://cocodataset.org/#explore?id=27593,Léo,Arthur,a bed covered in packets of crisps,0.0,27593,/root/fiftyone/coco-2017/train/data/000000027593.jpg
http://cocodataset.org/#explore?id=266165,COCO,Aymeric,a cat standing in one food dish while eating out of another dish,0.97,266165,/root/fiftyone/coco-2017/train/data/000000266165.jpg
http://cocodataset.org/#explore?id=266165,Léo,Aymeric,a cat eating food,0.8,266165,/root/fiftyone/coco-2017/train/data/000000266165.jpg
http://cocodataset.org/#explore?id=266165,Léo,Aymeric,an open window that allows to see the garden,0.0,266165,/root/fiftyone/coco-2017/train/data/000000266165.jpg
http://cocodataset.org/#explore?id=125070,COCO,Conrad,a blue clock pole outside an older building,1.0,125070,/root/fiftyone/coco-2017/train/data/000000125070.jpg
http://cocodataset.org/#explore?id=125070,Léo,Conrad,a clock in the street,0.8,125070,/root/fiftyone/coco-2017/train/data/000000125070.jpg
http://cocodataset.org/#explore?id=125070,Léo,Conrad,two gentlement arguing near a stop sign,0.0,125070,/root/fiftyone/coco-2017/train/data/000000125070.jpg
http://cocodataset.org/#explore?id=78771,COCO,Arthur,a cat sitting next to a laptop computer on a table,1.0,78771,/root/fiftyone/coco-2017/train/data/000000078771.jpg
http://cocodataset.org/#explore?id=78771,Léo,Arthur,a cat on a computer,0.7,78771,/root/fiftyone/coco-2017/train/data/000000078771.jpg
http://cocodataset.org/#explore?id=78771,Léo,Arthur,a baby crying in the grass,0.0,78771,/root/fiftyone/coco-2017/train/data/000000078771.jpg
http://cocodataset.org/#explore?id=291606,COCO,Aymeric,a woman standing outside of a bus with asian characters written on it,0.88,291606,/root/fiftyone/coco-2017/train/data/000000291606.jpg
http://cocodataset.org/#explore?id=291606,Léo,Aymeric,a bus in Asia,0.6,291606,/root/fiftyone/coco-2017/train/data/000000291606.jpg
http://cocodataset.org/#explore?id=291606,Léo,Aymeric,the great pyramids of egypt,0.0,291606,/root/fiftyone/coco-2017/train/data/000000291606.jpg
http://cocodataset.org/#explore?id=423116,COCO,Conrad,"on a kitchen counter are a laptop, candy, and cooking supplies",1.0,423116,/root/fiftyone/coco-2017/train/data/000000423116.jpg
http://cocodataset.org/#explore?id=423116,Léo,Conrad,the table of a kitchen with a latpot on it,0.6,423116,/root/fiftyone/coco-2017/train/data/000000423116.jpg
http://cocodataset.org/#explore?id=423116,Léo,Conrad,a sky filled with planes,0.0,423116,/root/fiftyone/coco-2017/train/data/000000423116.jpg
http://cocodataset.org/#explore?id=405762,COCO,Arthur,a man is running while carrying a football,1.0,405762,/root/fiftyone/coco-2017/train/data/000000405762.jpg
http://cocodataset.org/#explore?id=405762,Léo,Arthur,a man playing football,1.0,405762,/root/fiftyone/coco-2017/train/data/000000405762.jpg
http://cocodataset.org/#explore?id=405762,Léo,Arthur,a postman with red hair in the street,0.15,405762,/root/fiftyone/coco-2017/train/data/000000405762.jpg
http://cocodataset.org/#explore?id=41001,COCO,Aymeric,two adult elephants and one baby elephant walking in a grassy area,0.97,41001,/root/fiftyone/coco-2017/train/data/000000041001.jpg
http://cocodataset.org/#explore?id=41001,Léo,Aymeric,elephants in the Savannah,0.75,41001,/root/fiftyone/coco-2017/train/data/000000041001.jpg
http://cocodataset.org/#explore?id=41001,Léo,Aymeric,A blue cow eating milk,0.05,41001,/root/fiftyone/coco-2017/train/data/000000041001.jpg
http://cocodataset.org/#explore?id=201925,COCO,Conrad,something baking in a pan in the oven and rising out of the pan,1.0,201925,/root/fiftyone/coco-2017/train/data/000000201925.jpg
http://cocodataset.org/#explore?id=201925,Léo,Conrad,a baking cake,0.9,201925,/root/fiftyone/coco-2017/train/data/000000201925.jpg
http://cocodataset.org/#explore?id=201925,Léo,Conrad,the painting of a wedding,0.0,201925,/root/fiftyone/coco-2017/train/data/000000201925.jpg
http://cocodataset.org/#explore?id=380734,COCO,Arthur,several diners eating at a riverside outdoor restaurant,1.0,380734,/root/fiftyone/coco-2017/train/data/000000380734.jpg
http://cocodataset.org/#explore?id=380734,Léo,Arthur,people having dinner in the street,0.9,380734,/root/fiftyone/coco-2017/train/data/000000380734.jpg
http://cocodataset.org/#explore?id=380734,Léo,Arthur,two wolves howling in the snow,0.0,380734,/root/fiftyone/coco-2017/train/data/000000380734.jpg
http://cocodataset.org/#explore?id=487462,COCO,Aymeric,a boy is preparing to toss a frisbie while another boy is sitting in the background in a park,0.95,487462,/root/fiftyone/coco-2017/train/data/000000487462.jpg
http://cocodataset.org/#explore?id=487462,Léo,Aymeric,a man playing frisbie,0.75,487462,/root/fiftyone/coco-2017/train/data/000000487462.jpg
http://cocodataset.org/#explore?id=487462,Léo,Aymeric,a nice looking icecream,0.0,487462,/root/fiftyone/coco-2017/train/data/000000487462.jpg
http://cocodataset.org/#explore?id=455776,COCO,Conrad,a young boy is preparing to catch a baseball.,1.0,455776,/root/fiftyone/coco-2017/train/data/000000455776.jpg
http://cocodataset.org/#explore?id=455776,Aymeric,Conrad,A human trying to catch a ball,0.8,455776,/root/fiftyone/coco-2017/train/data/000000455776.jpg
http://cocodataset.org/#explore?id=455776,Aymeric,Conrad,A bottle of wine in a grey field,0.0,455776,/root/fiftyone/coco-2017/train/data/000000455776.jpg
http://cocodataset.org/#explore?id=440895,COCO,Arthur,a white horse can be seen in the window of a brick building.,1.0,440895,/root/fiftyone/coco-2017/train/data/000000440895.jpg
http://cocodataset.org/#explore?id=440895,Aymeric,Arthur,A black horse in a modern town,0.1,440895,/root/fiftyone/coco-2017/train/data/000000440895.jpg
http://cocodataset.org/#explore?id=440895,Aymeric,Arthur,French fries playing tennis in a brown field,0.0,440895,/root/fiftyone/coco-2017/train/data/000000440895.jpg
http://cocodataset.org/#explore?id=55627,COCO,Léo,"a bathroom with a mirror above the sink, a towel rack and toilet.",1.0,55627,/root/fiftyone/coco-2017/train/data/000000055627.jpg
http://cocodataset.org/#explore?id=55627,Aymeric,Léo,A bathroom with a sink,0.8,55627,/root/fiftyone/coco-2017/train/data/000000055627.jpg
http://cocodataset.org/#explore?id=55627,Aymeric,Léo,Picture of a garden full of flowers,0.0,55627,/root/fiftyone/coco-2017/train/data/000000055627.jpg
http://cocodataset.org/#explore?id=436111,COCO,Conrad,a white bathroom has dirt all over the floor.,1.0,436111,/root/fiftyone/coco-2017/train/data/000000436111.jpg
http://cocodataset.org/#explore?id=436111,Aymeric,Conrad,photograph of a room in low angle,0.4,436111,/root/fiftyone/coco-2017/train/data/000000436111.jpg
http://cocodataset.org/#explore?id=436111,Aymeric,Conrad,painting of trees ,0.0,436111,/root/fiftyone/coco-2017/train/data/000000436111.jpg
http://cocodataset.org/#explore?id=492286,COCO,Arthur,a big train is about to leave and go away.,0.7,492286,/root/fiftyone/coco-2017/train/data/000000492286.jpg
http://cocodataset.org/#explore?id=492286,Aymeric,Arthur,A vehicle with people next to it,0.8,492286,/root/fiftyone/coco-2017/train/data/000000492286.jpg
http://cocodataset.org/#explore?id=492286,Aymeric,Arthur,A tall person standing in front of a door,0.05,492286,/root/fiftyone/coco-2017/train/data/000000492286.jpg
http://cocodataset.org/#explore?id=149892,COCO,Léo,a bench and chair are seen on the bank of a river.,0.9,149892,/root/fiftyone/coco-2017/train/data/000000149892.jpg
http://cocodataset.org/#explore?id=149892,Aymeric,Léo,People sitting next to a river,0.3,149892,/root/fiftyone/coco-2017/train/data/000000149892.jpg
http://cocodataset.org/#explore?id=149892,Aymeric,Léo,The floor is lava,0.0,149892,/root/fiftyone/coco-2017/train/data/000000149892.jpg
http://cocodataset.org/#explore?id=493196,COCO,Conrad,a man with helmet skating past some bicycle riders on the road,1.0,493196,/root/fiftyone/coco-2017/train/data/000000493196.jpg
http://cocodataset.org/#explore?id=493196,Aymeric,Conrad,Bicycle riders under trees,0.5,493196,/root/fiftyone/coco-2017/train/data/000000493196.jpg
http://cocodataset.org/#explore?id=493196,Aymeric,Conrad,A yellow road with two dogs ,0.0,493196,/root/fiftyone/coco-2017/train/data/000000493196.jpg
http://cocodataset.org/#explore?id=182575,COCO,Arthur,this is a plate of broccoli and cauliflower,0.9,182575,/root/fiftyone/coco-2017/train/data/000000182575.jpg
http://cocodataset.org/#explore?id=182575,Aymeric,Arthur,A plate of pasta,0.2,182575,/root/fiftyone/coco-2017/train/data/000000182575.jpg
http://cocodataset.org/#explore?id=182575,Aymeric,Arthur,Three tables and a spoon ,0.1,182575,/root/fiftyone/coco-2017/train/data/000000182575.jpg
http://cocodataset.org/#explore?id=203559,COCO,Léo,a man is inspecting a baby elephants eye,1.0,203559,/root/fiftyone/coco-2017/train/data/000000203559.jpg
http://cocodataset.org/#explore?id=203559,Aymeric,Léo,Three elephants around a man,0.6,203559,/root/fiftyone/coco-2017/train/data/000000203559.jpg
http://cocodataset.org/#explore?id=203559,Aymeric,Léo,A black and blue dress,0.0,203559,/root/fiftyone/coco-2017/train/data/000000203559.jpg
http://cocodataset.org/#explore?id=519950,COCO,Conrad,a man is in mid air over a tennis court.,1.0,519950,/root/fiftyone/coco-2017/train/data/000000519950.jpg
http://cocodataset.org/#explore?id=519950,Aymeric,Conrad,A man jumping in a pool to hit a ball,0.7,519950,/root/fiftyone/coco-2017/train/data/000000519950.jpg
http://cocodataset.org/#explore?id=519950,Aymeric,Conrad,A dog playing with his owner,0.0,519950,/root/fiftyone/coco-2017/train/data/000000519950.jpg
http://cocodataset.org/#explore?id=27276,COCO,Arthur,a dog is under the bed eating a box,1.0,27276,/root/fiftyone/coco-2017/train/data/000000027276.jpg
http://cocodataset.org/#explore?id=27276,Aymeric,Arthur,a cat hiding is a small place,0.1,27276,/root/fiftyone/coco-2017/train/data/000000027276.jpg
http://cocodataset.org/#explore?id=27276,Aymeric,Arthur,A blue and white rollercoaster ,0.0,27276,/root/fiftyone/coco-2017/train/data/000000027276.jpg
http://cocodataset.org/#explore?id=108425,COCO,Léo,a man tossing a neon green frisbee in front of a house,1.0,108425,/root/fiftyone/coco-2017/train/data/000000108425.jpg
http://cocodataset.org/#explore?id=108425,Aymeric,Léo,A nice building with two tables and a chair ,0.7,108425,/root/fiftyone/coco-2017/train/data/000000108425.jpg
http://cocodataset.org/#explore?id=108425,Aymeric,Léo,Some grass in a grey background,0.3,108425,/root/fiftyone/coco-2017/train/data/000000108425.jpg
http://cocodataset.org/#explore?id=158713,COCO,Conrad,a man who is driving a motorcycle pulling a cart with two people.,1.0,158713,/root/fiftyone/coco-2017/train/data/000000158713.jpg
http://cocodataset.org/#explore?id=158713,Aymeric,Conrad,Photograph of a red motorcycle and a white trailer,0.7,158713,/root/fiftyone/coco-2017/train/data/000000158713.jpg
http://cocodataset.org/#explore?id=158713,Aymeric,Conrad,Three people walking in circles,0.1,158713,/root/fiftyone/coco-2017/train/data/000000158713.jpg
http://cocodataset.org/#explore?id=5701,COCO,Arthur,a person standing on a small paved square and holding a yellow frisbee,1.0,5701,/root/fiftyone/coco-2017/train/data/000000005701.jpg
http://cocodataset.org/#explore?id=5701,Aymeric,Arthur,A yellow shirt and a yellow frisbee with a green background,0.8,5701,/root/fiftyone/coco-2017/train/data/000000005701.jpg
http://cocodataset.org/#explore?id=5701,Aymeric,Arthur,The sun shines and the place is beautiful ,0.3,5701,/root/fiftyone/coco-2017/train/data/000000005701.jpg
http://cocodataset.org/#explore?id=254994,COCO,Léo,a man holding a drinking glass and smiling.,0.9,254994,/root/fiftyone/coco-2017/train/data/000000254994.jpg
http://cocodataset.org/#explore?id=254994,Aymeric,Léo,A person with a black tie ,0.6,254994,/root/fiftyone/coco-2017/train/data/000000254994.jpg
http://cocodataset.org/#explore?id=254994,Aymeric,Léo,Photograph of a sad dog drinking coffee ,0.1,254994,/root/fiftyone/coco-2017/train/data/000000254994.jpg
http://cocodataset.org/#explore?id=256799,COCO,Conrad,a chandelier sitting above a spiral stair case.,1.0,256799,/root/fiftyone/coco-2017/train/data/000000256799.jpg
http://cocodataset.org/#explore?id=256799,Aymeric,Conrad,a chandelier and a clock in a very big room with stairs,0.8,256799,/root/fiftyone/coco-2017/train/data/000000256799.jpg
http://cocodataset.org/#explore?id=256799,Aymeric,Conrad,Two people taking a nap,0.0,256799,/root/fiftyone/coco-2017/train/data/000000256799.jpg
http://cocodataset.org/#explore?id=524981,COCO,Arthur,a dog sitting on a boat behind the sail.,1.0,524981,/root/fiftyone/coco-2017/train/data/000000524981.jpg
http://cocodataset.org/#explore?id=524981,Aymeric,Arthur,"An engine, a dog and a sail in water",0.5,524981,/root/fiftyone/coco-2017/train/data/000000524981.jpg
http://cocodataset.org/#explore?id=524981,Aymeric,Arthur,Bowling pins going down a slide,0.0,524981,/root/fiftyone/coco-2017/train/data/000000524981.jpg
http://cocodataset.org/#explore?id=509839,COCO,Léo,a public bathroom that is empty and not in use.,1.0,509839,/root/fiftyone/coco-2017/train/data/000000509839.jpg
http://cocodataset.org/#explore?id=509839,Aymeric,Léo,Three sinks in a green room,0.7,509839,/root/fiftyone/coco-2017/train/data/000000509839.jpg
http://cocodataset.org/#explore?id=509839,Aymeric,Léo,Two beds in a room,0.1,509839,/root/fiftyone/coco-2017/train/data/000000509839.jpg
http://cocodataset.org/#explore?id=194120,COCO,Conrad,a cat sitting on a windowsill next to a painted pumpkin.,1.0,194120,/root/fiftyone/coco-2017/train/data/000000194120.jpg
http://cocodataset.org/#explore?id=194120,Aymeric,Conrad,A cat lying on its back eats a pumpkin ,0.4,194120,/root/fiftyone/coco-2017/train/data/000000194120.jpg
http://cocodataset.org/#explore?id=194120,Aymeric,Conrad,A banana filled with orange jelly ,0.0,194120,/root/fiftyone/coco-2017/train/data/000000194120.jpg
http://cocodataset.org/#explore?id=197329,COCO,Arthur,some zebras and a giraffe tall brown grass and trees,1.0,197329,/root/fiftyone/coco-2017/train/data/000000197329.jpg
http://cocodataset.org/#explore?id=197329,Aymeric,Arthur,"A desert, dry grass and savannah animals",1.0,197329,/root/fiftyone/coco-2017/train/data/000000197329.jpg
http://cocodataset.org/#explore?id=197329,Aymeric,Arthur,pikachu uses his thunder attack,0.0,197329,/root/fiftyone/coco-2017/train/data/000000197329.jpg
http://cocodataset.org/#explore?id=432637,COCO,Léo,a group of people riding a carousel with trees in the background.,0.8,432637,/root/fiftyone/coco-2017/train/data/000000432637.jpg
http://cocodataset.org/#explore?id=432637,Aymeric,Léo,People having fun on horses,0.4,432637,/root/fiftyone/coco-2017/train/data/000000432637.jpg
http://cocodataset.org/#explore?id=432637,Aymeric,Léo,many candlelit sticks,0.0,432637,/root/fiftyone/coco-2017/train/data/000000432637.jpg
http://cocodataset.org/#explore?id=298014,COCO,Conrad,a large architectural structure near a park,1.0,298014,/root/fiftyone/coco-2017/train/data/000000298014.jpg
http://cocodataset.org/#explore?id=298014,Aymeric,Conrad,a traffic light on a city side walk with people,0.8,298014,/root/fiftyone/coco-2017/train/data/000000298014.jpg
http://cocodataset.org/#explore?id=298014,Aymeric,Conrad,lighted street lamps,0.5,298014,/root/fiftyone/coco-2017/train/data/000000298014.jpg
http://cocodataset.org/#explore?id=250225,COCO,Arthur,a display of fruit print dishes in a store,1.0,250225,/root/fiftyone/coco-2017/train/data/000000250225.jpg
http://cocodataset.org/#explore?id=250225,Aymeric,Arthur,Fruits and vegetables in a store,0.2,250225,/root/fiftyone/coco-2017/train/data/000000250225.jpg
http://cocodataset.org/#explore?id=250225,Aymeric,Arthur,beef steaks spread on the floor,0.0,250225,/root/fiftyone/coco-2017/train/data/000000250225.jpg
http://cocodataset.org/#explore?id=484457,COCO,Léo,a large stack of square shaped cakes sitting on a lit table.,0.9,484457,/root/fiftyone/coco-2017/train/data/000000484457.jpg
http://cocodataset.org/#explore?id=484457,Aymeric,Léo,Two tables and a cake,0.6,484457,/root/fiftyone/coco-2017/train/data/000000484457.jpg
http://cocodataset.org/#explore?id=484457,Aymeric,Léo,black sculptures in the shape of chocolate bars,0.0,484457,/root/fiftyone/coco-2017/train/data/000000484457.jpg
http://cocodataset.org/#explore?id=541039,COCO,Conrad,a group of people holding umbrellas standing behind a sign for a umbrella drive.,1.0,541039,/root/fiftyone/coco-2017/train/data/000000541039.jpg
http://cocodataset.org/#explore?id=541039,Aymeric,Conrad,smiling black people who say thank you,0.9,541039,/root/fiftyone/coco-2017/train/data/000000541039.jpg
http://cocodataset.org/#explore?id=541039,Aymeric,Conrad,Birthday gifts in a box,0.0,541039,/root/fiftyone/coco-2017/train/data/000000541039.jpg
http://cocodataset.org/#explore?id=423313,COCO,Arthur,a group of motorcycles parked in front of a building.,0.9,423313,/root/fiftyone/coco-2017/train/data/000000423313.jpg
http://cocodataset.org/#explore?id=423313,Aymeric,Arthur,Mortorcyles hiding small stores,0.7,423313,/root/fiftyone/coco-2017/train/data/000000423313.jpg
http://cocodataset.org/#explore?id=423313,Aymeric,Arthur,sunflowers looking towards the sun,0.0,423313,/root/fiftyone/coco-2017/train/data/000000423313.jpg
