url,captionist,assessor,caption,grade,id,filepath,clip_grade
http://cocodataset.org/#explore?id=393274,COCO,Aymeric,a yellow and white train traveling past a train station,0.9,393274,/root/fiftyone/coco-2017/train/data/000000393274.jpg,0.7304041385650635
http://cocodataset.org/#explore?id=393274,Arthur,Aymeric,several trains parked in a train station,0.3,393274,/root/fiftyone/coco-2017/train/data/000000393274.jpg,0.26958414912223816
http://cocodataset.org/#explore?id=393274,Arthur,Aymeric,a river with people nearby,0.0,393274,/root/fiftyone/coco-2017/train/data/000000393274.jpg,1.171631538454676e-05
http://cocodataset.org/#explore?id=427123,COCO,Léo,"three people in formal military uniforms, two are wearing medals around their necks",1.0,427123,/root/fiftyone/coco-2017/train/data/000000427123.jpg,0.999040424823761
http://cocodataset.org/#explore?id=427123,Arthur,Léo,smiling researchers receiving the Nobel prize,0.5,427123,/root/fiftyone/coco-2017/train/data/000000427123.jpg,0.0009263757383450866
http://cocodataset.org/#explore?id=427123,Arthur,Léo,three donkeys in a dark room,0.0,427123,/root/fiftyone/coco-2017/train/data/000000427123.jpg,3.3188618544954807e-05
http://cocodataset.org/#explore?id=405324,COCO,Conrad,the girl has a plate with a sandwich on it,1.0,405324,/root/fiftyone/coco-2017/train/data/000000405324.jpg,0.99873286485672
http://cocodataset.org/#explore?id=405324,Arthur,Conrad,a fancy dinner downtown,0.6,405324,/root/fiftyone/coco-2017/train/data/000000405324.jpg,0.001211610739119351
http://cocodataset.org/#explore?id=405324,Arthur,Conrad,his empty plate causes the baby to cry,0.0,405324,/root/fiftyone/coco-2017/train/data/000000405324.jpg,5.553846131078899e-05
http://cocodataset.org/#explore?id=300357,COCO,Aymeric,a woman in a skirt and colorful shirt kneeling down on floral fabric,0.95,300357,/root/fiftyone/coco-2017/train/data/000000300357.jpg,0.9241431355476379
http://cocodataset.org/#explore?id=300357,Arthur,Aymeric,a woman trying desperately to leave her bed,0.6,300357,/root/fiftyone/coco-2017/train/data/000000300357.jpg,0.07585670053958893
http://cocodataset.org/#explore?id=300357,Arthur,Aymeric,"two men lying in the sun, one using his dog as a kind of cushion",0.0,300357,/root/fiftyone/coco-2017/train/data/000000300357.jpg,1.6981233841306675e-07
http://cocodataset.org/#explore?id=57340,COCO,Léo,there is a tower that has a american flag at the top and a clock on it,1.0,57340,/root/fiftyone/coco-2017/train/data/000000057340.jpg,0.9997550845146179
http://cocodataset.org/#explore?id=57340,Arthur,Léo,the night is falling over Manhattan,0.3,57340,/root/fiftyone/coco-2017/train/data/000000057340.jpg,0.00023090427566785365
http://cocodataset.org/#explore?id=57340,Arthur,Léo,sunset over the Mississipi river,0.0,57340,/root/fiftyone/coco-2017/train/data/000000057340.jpg,1.408355910825776e-05
http://cocodataset.org/#explore?id=198654,COCO,Conrad,there are people playing a game of baseball,1.0,198654,/root/fiftyone/coco-2017/train/data/000000198654.jpg,0.667002260684967
http://cocodataset.org/#explore?id=198654,Arthur,Conrad,players play the game,0.6,198654,/root/fiftyone/coco-2017/train/data/000000198654.jpg,0.3326966464519501
http://cocodataset.org/#explore?id=198654,Arthur,Conrad,dancers dancing on a Broadway show,0.0,198654,/root/fiftyone/coco-2017/train/data/000000198654.jpg,0.0003011362859979272
http://cocodataset.org/#explore?id=518361,COCO,Aymeric,three people standing at the zoo watching a elephant,0.95,518361,/root/fiftyone/coco-2017/train/data/000000518361.jpg,0.6237627863883972
http://cocodataset.org/#explore?id=518361,Arthur,Aymeric,six people standing at the zoo watching two elephant,0.65,518361,/root/fiftyone/coco-2017/train/data/000000518361.jpg,0.3762371838092804
http://cocodataset.org/#explore?id=518361,Arthur,Aymeric,nobody watching nothing,0.1,518361,/root/fiftyone/coco-2017/train/data/000000518361.jpg,3.843448936891036e-08
http://cocodataset.org/#explore?id=525640,COCO,Léo,a banana dressed up to look like a person infront of a paper,0.7,525640,/root/fiftyone/coco-2017/train/data/000000525640.jpg,0.9965531826019287
http://cocodataset.org/#explore?id=525640,Arthur,Léo,a man signing a contract,0.0,525640,/root/fiftyone/coco-2017/train/data/000000525640.jpg,0.0019702070858329535
http://cocodataset.org/#explore?id=525640,Arthur,Léo,a salad fruit in the process of making,0.1,525640,/root/fiftyone/coco-2017/train/data/000000525640.jpg,0.0014766304520890117
http://cocodataset.org/#explore?id=526347,COCO,Conrad,a skateboarder on a skateboard in a skate park,1.0,526347,/root/fiftyone/coco-2017/train/data/000000526347.jpg,0.997990608215332
http://cocodataset.org/#explore?id=526347,Arthur,Conrad,a young man in shorts doing sports,0.4,526347,/root/fiftyone/coco-2017/train/data/000000526347.jpg,0.002008849987760186
http://cocodataset.org/#explore?id=526347,Arthur,Conrad,a girl running after her dog,0.0,526347,/root/fiftyone/coco-2017/train/data/000000526347.jpg,6.322166541394836e-07
http://cocodataset.org/#explore?id=4130,COCO,Aymeric,a bus parked on a street in front of several buildings,0.7,4130,/root/fiftyone/coco-2017/train/data/000000004130.jpg,0.9971586465835571
http://cocodataset.org/#explore?id=4130,Arthur,Aymeric,a busy street some days before Christmas,0.3,4130,/root/fiftyone/coco-2017/train/data/000000004130.jpg,0.0028411943931132555
http://cocodataset.org/#explore?id=4130,Arthur,Aymeric,a murder scene in a kitchen appliance shop,0.0,4130,/root/fiftyone/coco-2017/train/data/000000004130.jpg,1.772941544686546e-07
http://cocodataset.org/#explore?id=522661,COCO,Léo,two people holding suitcases walking towards a greyhound bus,0.9,522661,/root/fiftyone/coco-2017/train/data/000000522661.jpg,0.9335500597953796
http://cocodataset.org/#explore?id=522661,Arthur,Léo,a group of persons running after a departing long-distance bus,0.5,522661,/root/fiftyone/coco-2017/train/data/000000522661.jpg,0.06644435971975327
http://cocodataset.org/#explore?id=522661,Arthur,Léo,two swimmers in bathing suits lining at the front desk,0.0,522661,/root/fiftyone/coco-2017/train/data/000000522661.jpg,5.527100256585982e-06
http://cocodataset.org/#explore?id=310526,COCO,Conrad,a traffic light with a green signal next to tall buildings,0.9,310526,/root/fiftyone/coco-2017/train/data/000000310526.jpg,0.9999392032623291
http://cocodataset.org/#explore?id=310526,Arthur,Conrad,a red traffic light in the country side,0.3,310526,/root/fiftyone/coco-2017/train/data/000000310526.jpg,6.0823022067779675e-05
http://cocodataset.org/#explore?id=310526,Arthur,Conrad,a male swan on a lake is courtshipping a female swan,0.0,310526,/root/fiftyone/coco-2017/train/data/000000310526.jpg,2.541701016323117e-10
http://cocodataset.org/#explore?id=497591,COCO,Aymeric,a small child is sitting on a bench outside,0.7,497591,/root/fiftyone/coco-2017/train/data/000000497591.jpg,0.7360213994979858
http://cocodataset.org/#explore?id=497591,Arthur,Aymeric,a child waiting for his parents to finish shopping,0.2,497591,/root/fiftyone/coco-2017/train/data/000000497591.jpg,0.2425294667482376
http://cocodataset.org/#explore?id=497591,Arthur,Aymeric,a shop with UNDERGROUND written on the entrance,0.1,497591,/root/fiftyone/coco-2017/train/data/000000497591.jpg,0.021449154242873192
http://cocodataset.org/#explore?id=338991,COCO,Léo,a man is on a tennis court playing tennis,1.0,338991,/root/fiftyone/coco-2017/train/data/000000338991.jpg,0.8939439058303833
http://cocodataset.org/#explore?id=338991,Arthur,Léo,fours tennis players sharing a court for a match,0.4,338991,/root/fiftyone/coco-2017/train/data/000000338991.jpg,0.10600827634334564
http://cocodataset.org/#explore?id=338991,Arthur,Léo,a very tall man kissing a very short girl,0.0,338991,/root/fiftyone/coco-2017/train/data/000000338991.jpg,4.7842062485869974e-05
http://cocodataset.org/#explore?id=446463,COCO,Conrad,an old fashioned photograph of a fleet of buses,1.0,446463,/root/fiftyone/coco-2017/train/data/000000446463.jpg,0.9973746538162231
http://cocodataset.org/#explore?id=446463,Arthur,Conrad,Jules Verne's vision for public transport in 2000,0.8,446463,/root/fiftyone/coco-2017/train/data/000000446463.jpg,0.00015641242498531938
http://cocodataset.org/#explore?id=446463,Arthur,Conrad,A naked person being captured by the police,0.0,446463,/root/fiftyone/coco-2017/train/data/000000446463.jpg,0.002468884689733386
http://cocodataset.org/#explore?id=50356,COCO,Aymeric,a lot of flowers that are sitting on a table,0.75,50356,/root/fiftyone/coco-2017/train/data/000000050356.jpg,0.6494132876396179
http://cocodataset.org/#explore?id=50356,Arthur,Aymeric,a red rose in a transparent vase,0.5,50356,/root/fiftyone/coco-2017/train/data/000000050356.jpg,0.35058286786079407
http://cocodataset.org/#explore?id=50356,Arthur,Aymeric,a farmer harvesting sunflowers,0.05,50356,/root/fiftyone/coco-2017/train/data/000000050356.jpg,3.890297193720471e-06
http://cocodataset.org/#explore?id=301402,COCO,Léo,a man sits at a table with a laptop computer on his knees,0.9,301402,/root/fiftyone/coco-2017/train/data/000000301402.jpg,0.9979419112205505
http://cocodataset.org/#explore?id=301402,Arthur,Léo,a young boy fidgetting while a woman is talking,0.2,301402,/root/fiftyone/coco-2017/train/data/000000301402.jpg,0.0003379001864232123
http://cocodataset.org/#explore?id=301402,Arthur,Léo,a young man asking for helpo in a computer shop,0.5,301402,/root/fiftyone/coco-2017/train/data/000000301402.jpg,0.0017202262533828616
http://cocodataset.org/#explore?id=56624,COCO,Conrad,a wood bench is outside covered in snow,1.0,56624,/root/fiftyone/coco-2017/train/data/000000056624.jpg,0.9589766263961792
http://cocodataset.org/#explore?id=56624,Arthur,Conrad,a bench decorated for Christmas,0.6,56624,/root/fiftyone/coco-2017/train/data/000000056624.jpg,0.041014257818460464
http://cocodataset.org/#explore?id=56624,Arthur,Conrad,three PWC employees writing a report,0.0,56624,/root/fiftyone/coco-2017/train/data/000000056624.jpg,9.146355296252295e-06
http://cocodataset.org/#explore?id=21097,COCO,Aymeric,the meal on the table is ready to be eaten,0.4,21097,/root/fiftyone/coco-2017/train/data/000000021097.jpg,0.04911847785115242
http://cocodataset.org/#explore?id=21097,Arthur,Aymeric,italian dish and plastic cutlery,0.6,21097,/root/fiftyone/coco-2017/train/data/000000021097.jpg,0.9508757591247559
http://cocodataset.org/#explore?id=21097,Arthur,Aymeric,a polluted river with dead fish,0.0,21097,/root/fiftyone/coco-2017/train/data/000000021097.jpg,5.736236744269263e-06
http://cocodataset.org/#explore?id=14824,COCO,Léo,a group of people dressed as zombies near a stop sign,1.0,14824,/root/fiftyone/coco-2017/train/data/000000014824.jpg,0.9987751841545105
http://cocodataset.org/#explore?id=14824,Arthur,Léo,a confused scene after an attack,0.3,14824,/root/fiftyone/coco-2017/train/data/000000014824.jpg,0.0012244351673871279
http://cocodataset.org/#explore?id=14824,Arthur,Léo,a giraffe eating leaves at the top of the trees,0.0,14824,/root/fiftyone/coco-2017/train/data/000000014824.jpg,3.6018568039253296e-07
http://cocodataset.org/#explore?id=317730,COCO,Conrad,a man is holding a surfboard decorated with the image of a woman,1.0,317730,/root/fiftyone/coco-2017/train/data/000000317730.jpg,0.5484319925308228
http://cocodataset.org/#explore?id=317730,Arthur,Conrad,a man is holding a surfboard decorated with the image of an octopus,0.7,317730,/root/fiftyone/coco-2017/train/data/000000317730.jpg,0.45146697759628296
http://cocodataset.org/#explore?id=317730,Arthur,Conrad,a man is holding skis decorated with snakes,0.3,317730,/root/fiftyone/coco-2017/train/data/000000317730.jpg,0.00010098796337842941
http://cocodataset.org/#explore?id=160703,COCO,Aymeric,two pizza's on sliver pans on a table with utensils,0.95,160703,/root/fiftyone/coco-2017/train/data/000000160703.jpg,0.9887340068817139
http://cocodataset.org/#explore?id=160703,Arthur,Aymeric,five pizzas about to be eaten,0.6,160703,/root/fiftyone/coco-2017/train/data/000000160703.jpg,0.01095517911016941
http://cocodataset.org/#explore?id=160703,Arthur,Aymeric,a mob assaulting an empty pizza place,0.2,160703,/root/fiftyone/coco-2017/train/data/000000160703.jpg,0.00031077032326720655
http://cocodataset.org/#explore?id=302313,COCO,Léo,the thin cow eats some grass next to the tree,0.9,302313,/root/fiftyone/coco-2017/train/data/000000302313.jpg,0.9862536191940308
http://cocodataset.org/#explore?id=302313,Arthur,Léo,black and white cow on a green pasture land,0.4,302313,/root/fiftyone/coco-2017/train/data/000000302313.jpg,0.013265253975987434
http://cocodataset.org/#explore?id=302313,Arthur,Léo,a cow herd mooing under the moonlight,0.1,302313,/root/fiftyone/coco-2017/train/data/000000302313.jpg,0.000481087394291535
http://cocodataset.org/#explore?id=104842,COCO,Conrad,a skateboarded takes to the air in a skateboard park,1.0,104842,/root/fiftyone/coco-2017/train/data/000000104842.jpg,0.8840489387512207
http://cocodataset.org/#explore?id=104842,Arthur,Conrad,a skateboarder at rest is watching other skateboarders,0.6,104842,/root/fiftyone/coco-2017/train/data/000000104842.jpg,0.11108266562223434
http://cocodataset.org/#explore?id=104842,Arthur,Conrad,a little girl reading a book about skateboards at the library,0.1,104842,/root/fiftyone/coco-2017/train/data/000000104842.jpg,0.004868349526077509
http://cocodataset.org/#explore?id=569865,COCO,Arthur,autumn trees are next to hanging stop lights.,0.9,569865,/root/fiftyone/coco-2017/train/data/000000569865.jpg,0.9999244213104248
http://cocodataset.org/#explore?id=569865,Conrad,Arthur,a traffic stop,0.75,569865,/root/fiftyone/coco-2017/train/data/000000569865.jpg,9.266428605769761e-06
http://cocodataset.org/#explore?id=569865,Conrad,Arthur,a man is hitchhiking by the side of road,0.3,569865,/root/fiftyone/coco-2017/train/data/000000569865.jpg,6.62247184664011e-05
http://cocodataset.org/#explore?id=62824,COCO,Aymeric,a street sign stands on the 8500 west block of hollywood boulevard.,0.88,62824,/root/fiftyone/coco-2017/train/data/000000062824.jpg,0.9895498752593994
http://cocodataset.org/#explore?id=62824,Conrad,Aymeric,a street sign,0.3,62824,/root/fiftyone/coco-2017/train/data/000000062824.jpg,0.010438271798193455
http://cocodataset.org/#explore?id=62824,Conrad,Aymeric,a traffic light with a green signal next to tall buildings,0.05,62824,/root/fiftyone/coco-2017/train/data/000000062824.jpg,1.1866756722156424e-05
http://cocodataset.org/#explore?id=327802,COCO,Léo,a street sign set in the edge of the sidewalk that says stockton st.,1.0,327802,/root/fiftyone/coco-2017/train/data/000000327802.jpg,0.9999979734420776
http://cocodataset.org/#explore?id=327802,Conrad,Léo,a street sign on the sidewalk,0.8,327802,/root/fiftyone/coco-2017/train/data/000000327802.jpg,2.0660963855334558e-06
http://cocodataset.org/#explore?id=327802,Conrad,Léo,a picture of the figure 13 from a textbook,0.0,327802,/root/fiftyone/coco-2017/train/data/000000327802.jpg,2.5299979000692474e-08
http://cocodataset.org/#explore?id=385341,COCO,Arthur,a couple of people that are sitting down with wii remotes,1.0,385341,/root/fiftyone/coco-2017/train/data/000000385341.jpg,0.7654690742492676
http://cocodataset.org/#explore?id=385341,Conrad,Arthur,two persons holding remotes,1.0,385341,/root/fiftyone/coco-2017/train/data/000000385341.jpg,0.23317940533161163
http://cocodataset.org/#explore?id=385341,Conrad,Arthur,some family pictures,0.4,385341,/root/fiftyone/coco-2017/train/data/000000385341.jpg,0.001351495273411274
http://cocodataset.org/#explore?id=370121,COCO,Aymeric,a bench sits in a field by the water while it is cloudy.,0.95,370121,/root/fiftyone/coco-2017/train/data/000000370121.jpg,0.994453489780426
http://cocodataset.org/#explore?id=370121,Conrad,Aymeric,a bench next to a tree,0.6,370121,/root/fiftyone/coco-2017/train/data/000000370121.jpg,0.00551611790433526
http://cocodataset.org/#explore?id=370121,Conrad,Aymeric,a family picnic,0.1,370121,/root/fiftyone/coco-2017/train/data/000000370121.jpg,3.037606438738294e-05
http://cocodataset.org/#explore?id=475277,COCO,Léo,a white horse looking up for a photo at a fence side.,1.0,475277,/root/fiftyone/coco-2017/train/data/000000475277.jpg,0.5405133962631226
http://cocodataset.org/#explore?id=475277,Conrad,Léo,a close up of a white horse,0.8,475277,/root/fiftyone/coco-2017/train/data/000000475277.jpg,0.45918819308280945
http://cocodataset.org/#explore?id=475277,Conrad,Léo,me riding a white horse,0.4,475277,/root/fiftyone/coco-2017/train/data/000000475277.jpg,0.0002984692109748721
http://cocodataset.org/#explore?id=140122,COCO,Arthur,"a computer monitor, keyboard, and tower with peripherals and plugs sit on a desk.",1.0,140122,/root/fiftyone/coco-2017/train/data/000000140122.jpg,0.9952301979064941
http://cocodataset.org/#explore?id=140122,Conrad,Arthur,a desktop for remote working,0.8,140122,/root/fiftyone/coco-2017/train/data/000000140122.jpg,0.002812677063047886
http://cocodataset.org/#explore?id=140122,Conrad,Arthur,a kitchen with a computer,0.2,140122,/root/fiftyone/coco-2017/train/data/000000140122.jpg,0.001957137603312731
http://cocodataset.org/#explore?id=119502,COCO,Aymeric,toddler boy in a tie playing in a dish of mud.,0.92,119502,/root/fiftyone/coco-2017/train/data/000000119502.jpg,0.9892494678497314
http://cocodataset.org/#explore?id=119502,Conrad,Aymeric,a little boy playing outside,0.7,119502,/root/fiftyone/coco-2017/train/data/000000119502.jpg,0.009182285517454147
http://cocodataset.org/#explore?id=119502,Conrad,Aymeric,a little boy is burying his toy,0.6,119502,/root/fiftyone/coco-2017/train/data/000000119502.jpg,0.0015681528020650148
http://cocodataset.org/#explore?id=413868,COCO,Léo,a man in the woods throws a frisbee,0.9,413868,/root/fiftyone/coco-2017/train/data/000000413868.jpg,0.9957351684570312
http://cocodataset.org/#explore?id=413868,Conrad,Léo,a cowboy throws a bone at his dog,0.2,413868,/root/fiftyone/coco-2017/train/data/000000413868.jpg,0.00036495280801318586
http://cocodataset.org/#explore?id=413868,Conrad,Léo,a cowboy is skeet shooting,0.0,413868,/root/fiftyone/coco-2017/train/data/000000413868.jpg,0.0038998271338641644
http://cocodataset.org/#explore?id=12650,COCO,Arthur,several people gathered outside of a bar at night.,0.9,12650,/root/fiftyone/coco-2017/train/data/000000012650.jpg,0.9920334219932556
http://cocodataset.org/#explore?id=12650,Conrad,Arthur,a group of people in front of a bar,0.9,12650,/root/fiftyone/coco-2017/train/data/000000012650.jpg,0.0074263098649680614
http://cocodataset.org/#explore?id=12650,Conrad,Arthur,the last bar before the apocalypse,0.1,12650,/root/fiftyone/coco-2017/train/data/000000012650.jpg,0.0005402160459198058
http://cocodataset.org/#explore?id=269338,COCO,Aymeric,a baseball player sliding into a base with another player bent over with glove extended toward a flying baseball.,0.98,269338,/root/fiftyone/coco-2017/train/data/000000269338.jpg,0.982137143611908
http://cocodataset.org/#explore?id=269338,Conrad,Aymeric,a baseball match,0.65,269338,/root/fiftyone/coco-2017/train/data/000000269338.jpg,0.017856040969491005
http://cocodataset.org/#explore?id=269338,Conrad,Aymeric,two tennismen playing in a court,0.2,269338,/root/fiftyone/coco-2017/train/data/000000269338.jpg,6.7456790020514745e-06
http://cocodataset.org/#explore?id=514601,COCO,Léo,the train platform has green benches on it.,0.9,514601,/root/fiftyone/coco-2017/train/data/000000514601.jpg,0.4171087145805359
http://cocodataset.org/#explore?id=514601,Conrad,Léo,the train platform is empty,0.9,514601,/root/fiftyone/coco-2017/train/data/000000514601.jpg,0.5586377382278442
http://cocodataset.org/#explore?id=514601,Conrad,Léo,the Massy-Palaiseau train station,0.5,514601,/root/fiftyone/coco-2017/train/data/000000514601.jpg,0.02425355464220047
http://cocodataset.org/#explore?id=495456,COCO,Arthur,a person using an oven mitt to take something from the oven.,0.9,495456,/root/fiftyone/coco-2017/train/data/000000495456.jpg,0.9538904428482056
http://cocodataset.org/#explore?id=495456,Conrad,Arthur,something is baking in the oven,0.8,495456,/root/fiftyone/coco-2017/train/data/000000495456.jpg,0.03278615325689316
http://cocodataset.org/#explore?id=495456,Conrad,Arthur,someone is baking in the oven,0.1,495456,/root/fiftyone/coco-2017/train/data/000000495456.jpg,0.013323328457772732
http://cocodataset.org/#explore?id=106513,COCO,Aymeric,bus at rainy bus stop with commuters waiting,0.9,106513,/root/fiftyone/coco-2017/train/data/000000106513.jpg,0.9560535550117493
http://cocodataset.org/#explore?id=106513,Conrad,Aymeric,commuters are waiting for the bus,0.75,106513,/root/fiftyone/coco-2017/train/data/000000106513.jpg,0.02958868443965912
http://cocodataset.org/#explore?id=106513,Conrad,Aymeric,students are waiting for the 91.06 bus,0.55,106513,/root/fiftyone/coco-2017/train/data/000000106513.jpg,0.014357826672494411
http://cocodataset.org/#explore?id=380258,COCO,Léo,a pigeon sitting outside a window of a high rise building,0.9,380258,/root/fiftyone/coco-2017/train/data/000000380258.jpg,0.3337065577507019
http://cocodataset.org/#explore?id=380258,Conrad,Léo,a pigeon is looking through the window,0.8,380258,/root/fiftyone/coco-2017/train/data/000000380258.jpg,0.6540589928627014
http://cocodataset.org/#explore?id=380258,Conrad,Léo,a peeping tom is looking through the window,0.2,380258,/root/fiftyone/coco-2017/train/data/000000380258.jpg,0.01223448384553194
http://cocodataset.org/#explore?id=61354,COCO,Arthur,an open market selling assorted fruits with bananas hanging,1.0,61354,/root/fiftyone/coco-2017/train/data/000000061354.jpg,0.9987115859985352
http://cocodataset.org/#explore?id=61354,Conrad,Arthur,bananas are hanging on a pipe,1.0,61354,/root/fiftyone/coco-2017/train/data/000000061354.jpg,0.0003846304025501013
http://cocodataset.org/#explore?id=61354,Conrad,Arthur,people are distributing free bananas,0.2,61354,/root/fiftyone/coco-2017/train/data/000000061354.jpg,0.0009037784766405821
http://cocodataset.org/#explore?id=506034,COCO,Aymeric,there is a side view mirror and traffic lights in this picture,0.7,506034,/root/fiftyone/coco-2017/train/data/000000506034.jpg,0.9698553681373596
http://cocodataset.org/#explore?id=506034,Conrad,Aymeric,a left view from a vehicule,0.7,506034,/root/fiftyone/coco-2017/train/data/000000506034.jpg,0.02990753948688507
http://cocodataset.org/#explore?id=506034,Conrad,Aymeric,someone is driving to school,0.3,506034,/root/fiftyone/coco-2017/train/data/000000506034.jpg,0.00023712003894615918
http://cocodataset.org/#explore?id=239593,COCO,Léo,a black and white picture of a train going down a track with a city in the background,1.0,239593,/root/fiftyone/coco-2017/train/data/000000239593.jpg,0.9975619316101074
http://cocodataset.org/#explore?id=239593,Conrad,Léo,a building with many street tags,0.4,239593,/root/fiftyone/coco-2017/train/data/000000239593.jpg,5.705485455109738e-05
http://cocodataset.org/#explore?id=239593,Conrad,Léo,the train is going through the building,0.2,239593,/root/fiftyone/coco-2017/train/data/000000239593.jpg,0.0023809534031897783
http://cocodataset.org/#explore?id=103375,COCO,Arthur,a bed has its covers pulled back in a dark room.,1.0,103375,/root/fiftyone/coco-2017/train/data/000000103375.jpg,0.8802172541618347
http://cocodataset.org/#explore?id=103375,Conrad,Arthur,a bedroom with a king size bed,0.9,103375,/root/fiftyone/coco-2017/train/data/000000103375.jpg,0.11887500435113907
http://cocodataset.org/#explore?id=103375,Conrad,Arthur,the living room,0.1,103375,/root/fiftyone/coco-2017/train/data/000000103375.jpg,0.000907798414118588
http://cocodataset.org/#explore?id=452687,COCO,Aymeric,a person's foot strapped into a black snowboard.,0.88,452687,/root/fiftyone/coco-2017/train/data/000000452687.jpg,0.45403996109962463
http://cocodataset.org/#explore?id=452687,Conrad,Aymeric,a black snowboard,0.66,452687,/root/fiftyone/coco-2017/train/data/000000452687.jpg,0.545960009098053
http://cocodataset.org/#explore?id=452687,Conrad,Aymeric,someone is sunbathing,0.05,452687,/root/fiftyone/coco-2017/train/data/000000452687.jpg,2.628148365602101e-08
http://cocodataset.org/#explore?id=430885,COCO,Léo,a cloudy skyline with silhouettes of industrial buildings.,0.9,430885,/root/fiftyone/coco-2017/train/data/000000430885.jpg,0.28104668855667114
http://cocodataset.org/#explore?id=430885,Conrad,Léo,many industrial buildings with a green light,0.8,430885,/root/fiftyone/coco-2017/train/data/000000430885.jpg,0.71693354845047
http://cocodataset.org/#explore?id=430885,Conrad,Léo,A bansky art,0.2,430885,/root/fiftyone/coco-2017/train/data/000000430885.jpg,0.0020197732374072075
http://cocodataset.org/#explore?id=292152,COCO,Arthur,a toasted ham sandwich with a pickle on a white plate.,1.0,292152,/root/fiftyone/coco-2017/train/data/000000292152.jpg,0.9999246597290039
http://cocodataset.org/#explore?id=292152,Conrad,Arthur,a fine dining breakfast,0.4,292152,/root/fiftyone/coco-2017/train/data/000000292152.jpg,7.38201561034657e-05
http://cocodataset.org/#explore?id=292152,Conrad,Arthur,a baby is crying because the plate is empty,0.05,292152,/root/fiftyone/coco-2017/train/data/000000292152.jpg,1.5997303535186802e-06
http://cocodataset.org/#explore?id=90024,COCO,Aymeric,a giant teddy bear in front of some trees at the mall,0.93,90024,/root/fiftyone/coco-2017/train/data/000000090024.jpg,0.9994107484817505
http://cocodataset.org/#explore?id=90024,Conrad,Aymeric,a front view of a mall entrance,0.63,90024,/root/fiftyone/coco-2017/train/data/000000090024.jpg,0.0005861277459189296
http://cocodataset.org/#explore?id=90024,Conrad,Aymeric,santa claus is delivering gifts to children,0.0,90024,/root/fiftyone/coco-2017/train/data/000000090024.jpg,3.097675971730496e-06
http://cocodataset.org/#explore?id=575331,COCO,Léo,an octopus kite is being flown next to a scuba diver kite above a city park.,1.0,575331,/root/fiftyone/coco-2017/train/data/000000575331.jpg,0.9962409734725952
http://cocodataset.org/#explore?id=575331,Conrad,Léo,"two kites, one city park",0.6,575331,/root/fiftyone/coco-2017/train/data/000000575331.jpg,0.0037579904310405254
http://cocodataset.org/#explore?id=575331,Conrad,Léo,a airballoon has taken off,0.1,575331,/root/fiftyone/coco-2017/train/data/000000575331.jpg,1.099148335015343e-06
http://cocodataset.org/#explore?id=404917,COCO,Arthur,a baseball player throwing a baseball on a field.,1.0,404917,/root/fiftyone/coco-2017/train/data/000000404917.jpg,0.9274988174438477
http://cocodataset.org/#explore?id=404917,Conrad,Arthur,a baseball game,0.9,404917,/root/fiftyone/coco-2017/train/data/000000404917.jpg,0.07212089747190475
http://cocodataset.org/#explore?id=404917,Conrad,Arthur,a boy has broken a window with his baseball thrown,0.1,404917,/root/fiftyone/coco-2017/train/data/000000404917.jpg,0.00038031686563044786
http://cocodataset.org/#explore?id=13176,COCO,Aymeric,a man bending to look into a small fridge,0.93,13176,/root/fiftyone/coco-2017/train/data/000000013176.jpg,0.7992641925811768
http://cocodataset.org/#explore?id=13176,Léo,Aymeric,a man near a fridge,0.75,13176,/root/fiftyone/coco-2017/train/data/000000013176.jpg,0.20073571801185608
http://cocodataset.org/#explore?id=13176,Léo,Aymeric,an octopus in the bottom of a hole,0.0,13176,/root/fiftyone/coco-2017/train/data/000000013176.jpg,6.028758292586645e-08
http://cocodataset.org/#explore?id=230227,COCO,Conrad,a cat sitting on a table with a blurred image in the background,1.0,230227,/root/fiftyone/coco-2017/train/data/000000230227.jpg,0.9617660641670227
http://cocodataset.org/#explore?id=230227,Léo,Conrad,a cat,0.7,230227,/root/fiftyone/coco-2017/train/data/000000230227.jpg,0.03817853704094887
http://cocodataset.org/#explore?id=230227,Léo,Conrad,a dancer and an accordion,0.0,230227,/root/fiftyone/coco-2017/train/data/000000230227.jpg,5.5344513384625316e-05
http://cocodataset.org/#explore?id=122355,COCO,Arthur,four people smiling with tennis rackets in their hands,1.0,122355,/root/fiftyone/coco-2017/train/data/000000122355.jpg,0.9910390973091125
http://cocodataset.org/#explore?id=122355,Léo,Arthur,people playing tennis,0.8,122355,/root/fiftyone/coco-2017/train/data/000000122355.jpg,0.008960869163274765
http://cocodataset.org/#explore?id=122355,Léo,Arthur,a snowman inside a dark forest,0.0,122355,/root/fiftyone/coco-2017/train/data/000000122355.jpg,5.194306356565148e-12
http://cocodataset.org/#explore?id=359143,COCO,Aymeric,a blurry photo of a cyclist on a forest path,0.96,359143,/root/fiftyone/coco-2017/train/data/000000359143.jpg,0.9997883439064026
http://cocodataset.org/#explore?id=359143,Léo,Aymeric,a man on a bicycle,0.75,359143,/root/fiftyone/coco-2017/train/data/000000359143.jpg,0.000200713548110798
http://cocodataset.org/#explore?id=359143,Léo,Aymeric,the olympic games of tokyo,0.0,359143,/root/fiftyone/coco-2017/train/data/000000359143.jpg,1.0947102964564692e-05
http://cocodataset.org/#explore?id=135288,COCO,Conrad,a young man holding a plate and eating a piece of cake,1.0,135288,/root/fiftyone/coco-2017/train/data/000000135288.jpg,0.5720261335372925
http://cocodataset.org/#explore?id=135288,Léo,Conrad,a man eating a cake,0.9,135288,/root/fiftyone/coco-2017/train/data/000000135288.jpg,0.42797204852104187
http://cocodataset.org/#explore?id=135288,Léo,Conrad,two daughters on the ground,0.0,135288,/root/fiftyone/coco-2017/train/data/000000135288.jpg,1.7618650645090383e-06
http://cocodataset.org/#explore?id=273029,COCO,Arthur,a piece of pizza with many topping on it,0.9,273029,/root/fiftyone/coco-2017/train/data/000000273029.jpg,0.22558678686618805
http://cocodataset.org/#explore?id=273029,Léo,Arthur,a beautiful pizza,0.9,273029,/root/fiftyone/coco-2017/train/data/000000273029.jpg,0.774412989616394
http://cocodataset.org/#explore?id=273029,Léo,Arthur,an empty field in the setting sun,0.0,273029,/root/fiftyone/coco-2017/train/data/000000273029.jpg,2.413225388409046e-07
http://cocodataset.org/#explore?id=185633,COCO,Aymeric,an old bathroom with peeling paint on the walls and lots of toiletries scattered around,0.9,185633,/root/fiftyone/coco-2017/train/data/000000185633.jpg,0.9891350269317627
http://cocodataset.org/#explore?id=185633,Léo,Aymeric,an ugly bathroom,0.5,185633,/root/fiftyone/coco-2017/train/data/000000185633.jpg,0.010842314921319485
http://cocodataset.org/#explore?id=185633,Léo,Aymeric,the kitchen of an asiatic restaurant,0.05,185633,/root/fiftyone/coco-2017/train/data/000000185633.jpg,2.2689800971420482e-05
http://cocodataset.org/#explore?id=270222,COCO,Conrad,several small clocks are all connected with human-like ornaments,1.0,270222,/root/fiftyone/coco-2017/train/data/000000270222.jpg,0.9435181021690369
http://cocodataset.org/#explore?id=270222,Léo,Conrad,different clocks on the wall,0.8,270222,/root/fiftyone/coco-2017/train/data/000000270222.jpg,0.05648192763328552
http://cocodataset.org/#explore?id=270222,Léo,Conrad,three ladies looking at burning trees,0.1,270222,/root/fiftyone/coco-2017/train/data/000000270222.jpg,4.710351575454297e-08
http://cocodataset.org/#explore?id=439868,COCO,Arthur,a skateboarder is jumping onto a rail near crowd,0.9,439868,/root/fiftyone/coco-2017/train/data/000000439868.jpg,0.8987407684326172
http://cocodataset.org/#explore?id=439868,Léo,Arthur,people looking at a skateboarder,0.9,439868,/root/fiftyone/coco-2017/train/data/000000439868.jpg,0.10118348151445389
http://cocodataset.org/#explore?id=439868,Léo,Arthur,a crowd focused on chess players,0.1,439868,/root/fiftyone/coco-2017/train/data/000000439868.jpg,7.569526496808976e-05
http://cocodataset.org/#explore?id=424174,COCO,Aymeric,a tray heaped with fruit including banans apples oranges and limes,0.95,424174,/root/fiftyone/coco-2017/train/data/000000424174.jpg,0.7374720573425293
http://cocodataset.org/#explore?id=424174,Léo,Aymeric,a bunch of fruits,0.75,424174,/root/fiftyone/coco-2017/train/data/000000424174.jpg,0.26252177357673645
http://cocodataset.org/#explore?id=424174,Léo,Aymeric,an ancient beautiful table and painting on the walls,0.1,424174,/root/fiftyone/coco-2017/train/data/000000424174.jpg,6.204971214174293e-06
http://cocodataset.org/#explore?id=344720,COCO,Conrad,several cars at an intersection on a city stree,0.9,344720,/root/fiftyone/coco-2017/train/data/000000344720.jpg,0.38888612389564514
http://cocodataset.org/#explore?id=344720,Léo,Conrad,cars near buildings,0.5,344720,/root/fiftyone/coco-2017/train/data/000000344720.jpg,0.6110410690307617
http://cocodataset.org/#explore?id=344720,Léo,Conrad,little red riding hood,0.0,344720,/root/fiftyone/coco-2017/train/data/000000344720.jpg,7.28189988876693e-05
http://cocodataset.org/#explore?id=292782,COCO,Arthur,a group of people flying their kites on a sunny day,0.9,292782,/root/fiftyone/coco-2017/train/data/000000292782.jpg,0.935935378074646
http://cocodataset.org/#explore?id=292782,Léo,Arthur,kites in the sky,0.8,292782,/root/fiftyone/coco-2017/train/data/000000292782.jpg,0.0640646368265152
http://cocodataset.org/#explore?id=292782,Léo,Arthur,an old lady eating jam,0.0,292782,/root/fiftyone/coco-2017/train/data/000000292782.jpg,2.1413024242633583e-08
http://cocodataset.org/#explore?id=102765,COCO,Aymeric,two young girls sitting on their luggage outside of a brick building,0.75,102765,/root/fiftyone/coco-2017/train/data/000000102765.jpg,0.8385114073753357
http://cocodataset.org/#explore?id=102765,Léo,Aymeric,ladies with their luggage,0.5,102765,/root/fiftyone/coco-2017/train/data/000000102765.jpg,0.16144604980945587
http://cocodataset.org/#explore?id=102765,Léo,Aymeric,a super-hero fighting bad guys,0.0,102765,/root/fiftyone/coco-2017/train/data/000000102765.jpg,4.2586263589328155e-05
http://cocodataset.org/#explore?id=484149,COCO,Conrad,a field of yellow grass with sheep grazing and standing throughout the areas,1.0,484149,/root/fiftyone/coco-2017/train/data/000000484149.jpg,0.7489568591117859
http://cocodataset.org/#explore?id=484149,Léo,Conrad,sheep grazing,0.7,484149,/root/fiftyone/coco-2017/train/data/000000484149.jpg,0.2504254877567291
http://cocodataset.org/#explore?id=484149,Léo,Conrad,a bunch of flying cows,0.0,484149,/root/fiftyone/coco-2017/train/data/000000484149.jpg,0.0006176354363560677
http://cocodataset.org/#explore?id=27593,COCO,Arthur,a man flying through the air on top of a skateboard,0.9,27593,/root/fiftyone/coco-2017/train/data/000000027593.jpg,0.7783779501914978
http://cocodataset.org/#explore?id=27593,Léo,Arthur,a skateboard in the airs,1.0,27593,/root/fiftyone/coco-2017/train/data/000000027593.jpg,0.22162200510501862
http://cocodataset.org/#explore?id=27593,Léo,Arthur,a bed covered in packets of crisps,0.0,27593,/root/fiftyone/coco-2017/train/data/000000027593.jpg,5.132533686946772e-08
http://cocodataset.org/#explore?id=266165,COCO,Aymeric,a cat standing in one food dish while eating out of another dish,0.97,266165,/root/fiftyone/coco-2017/train/data/000000266165.jpg,0.8984618782997131
http://cocodataset.org/#explore?id=266165,Léo,Aymeric,a cat eating food,0.8,266165,/root/fiftyone/coco-2017/train/data/000000266165.jpg,0.10153790563344955
http://cocodataset.org/#explore?id=266165,Léo,Aymeric,an open window that allows to see the garden,0.0,266165,/root/fiftyone/coco-2017/train/data/000000266165.jpg,1.9789301575201534e-07
http://cocodataset.org/#explore?id=125070,COCO,Conrad,a blue clock pole outside an older building,1.0,125070,/root/fiftyone/coco-2017/train/data/000000125070.jpg,0.6261239647865295
http://cocodataset.org/#explore?id=125070,Léo,Conrad,a clock in the street,0.8,125070,/root/fiftyone/coco-2017/train/data/000000125070.jpg,0.37384146451950073
http://cocodataset.org/#explore?id=125070,Léo,Conrad,two gentlement arguing near a stop sign,0.0,125070,/root/fiftyone/coco-2017/train/data/000000125070.jpg,3.4524597140261903e-05
http://cocodataset.org/#explore?id=78771,COCO,Arthur,a cat sitting next to a laptop computer on a table,1.0,78771,/root/fiftyone/coco-2017/train/data/000000078771.jpg,0.5629613399505615
http://cocodataset.org/#explore?id=78771,Léo,Arthur,a cat on a computer,0.7,78771,/root/fiftyone/coco-2017/train/data/000000078771.jpg,0.4370287358760834
http://cocodataset.org/#explore?id=78771,Léo,Arthur,a baby crying in the grass,0.0,78771,/root/fiftyone/coco-2017/train/data/000000078771.jpg,9.938544280885253e-06
http://cocodataset.org/#explore?id=291606,COCO,Aymeric,a woman standing outside of a bus with asian characters written on it,0.88,291606,/root/fiftyone/coco-2017/train/data/000000291606.jpg,0.9922820925712585
http://cocodataset.org/#explore?id=291606,Léo,Aymeric,a bus in Asia,0.6,291606,/root/fiftyone/coco-2017/train/data/000000291606.jpg,0.0077179498039186
http://cocodataset.org/#explore?id=291606,Léo,Aymeric,the great pyramids of egypt,0.0,291606,/root/fiftyone/coco-2017/train/data/000000291606.jpg,5.244579437402308e-09
http://cocodataset.org/#explore?id=423116,COCO,Conrad,"on a kitchen counter are a laptop, candy, and cooking supplies",1.0,423116,/root/fiftyone/coco-2017/train/data/000000423116.jpg,0.9917593598365784
http://cocodataset.org/#explore?id=423116,Léo,Conrad,the table of a kitchen with a latpot on it,0.6,423116,/root/fiftyone/coco-2017/train/data/000000423116.jpg,0.008240476250648499
http://cocodataset.org/#explore?id=423116,Léo,Conrad,a sky filled with planes,0.0,423116,/root/fiftyone/coco-2017/train/data/000000423116.jpg,1.9202106216198445e-07
http://cocodataset.org/#explore?id=405762,COCO,Arthur,a man is running while carrying a football,1.0,405762,/root/fiftyone/coco-2017/train/data/000000405762.jpg,0.06620261818170547
http://cocodataset.org/#explore?id=405762,Léo,Arthur,a man playing football,1.0,405762,/root/fiftyone/coco-2017/train/data/000000405762.jpg,0.9337958097457886
http://cocodataset.org/#explore?id=405762,Léo,Arthur,a postman with red hair in the street,0.15,405762,/root/fiftyone/coco-2017/train/data/000000405762.jpg,1.5696346054028254e-06
http://cocodataset.org/#explore?id=41001,COCO,Aymeric,two adult elephants and one baby elephant walking in a grassy area,0.97,41001,/root/fiftyone/coco-2017/train/data/000000041001.jpg,0.959865152835846
http://cocodataset.org/#explore?id=41001,Léo,Aymeric,elephants in the Savannah,0.75,41001,/root/fiftyone/coco-2017/train/data/000000041001.jpg,0.04013311117887497
http://cocodataset.org/#explore?id=41001,Léo,Aymeric,A blue cow eating milk,0.05,41001,/root/fiftyone/coco-2017/train/data/000000041001.jpg,1.744452674756758e-06
http://cocodataset.org/#explore?id=201925,COCO,Conrad,something baking in a pan in the oven and rising out of the pan,1.0,201925,/root/fiftyone/coco-2017/train/data/000000201925.jpg,0.24797284603118896
http://cocodataset.org/#explore?id=201925,Léo,Conrad,a baking cake,0.9,201925,/root/fiftyone/coco-2017/train/data/000000201925.jpg,0.752027153968811
http://cocodataset.org/#explore?id=201925,Léo,Conrad,the painting of a wedding,0.0,201925,/root/fiftyone/coco-2017/train/data/000000201925.jpg,1.5917374085461233e-08
http://cocodataset.org/#explore?id=380734,COCO,Arthur,several diners eating at a riverside outdoor restaurant,1.0,380734,/root/fiftyone/coco-2017/train/data/000000380734.jpg,0.9878227710723877
http://cocodataset.org/#explore?id=380734,Léo,Arthur,people having dinner in the street,0.9,380734,/root/fiftyone/coco-2017/train/data/000000380734.jpg,0.012177257798612118
http://cocodataset.org/#explore?id=380734,Léo,Arthur,two wolves howling in the snow,0.0,380734,/root/fiftyone/coco-2017/train/data/000000380734.jpg,8.336938778219505e-11
http://cocodataset.org/#explore?id=487462,COCO,Aymeric,a boy is preparing to toss a frisbie while another boy is sitting in the background in a park,0.95,487462,/root/fiftyone/coco-2017/train/data/000000487462.jpg,0.11283604055643082
http://cocodataset.org/#explore?id=487462,Léo,Aymeric,a man playing frisbie,0.75,487462,/root/fiftyone/coco-2017/train/data/000000487462.jpg,0.8871636390686035
http://cocodataset.org/#explore?id=487462,Léo,Aymeric,a nice looking icecream,0.0,487462,/root/fiftyone/coco-2017/train/data/000000487462.jpg,3.4235310408803343e-07
http://cocodataset.org/#explore?id=455776,COCO,Conrad,a young boy is preparing to catch a baseball.,1.0,455776,/root/fiftyone/coco-2017/train/data/000000455776.jpg,0.9653781652450562
http://cocodataset.org/#explore?id=455776,Aymeric,Conrad,A human trying to catch a ball,0.8,455776,/root/fiftyone/coco-2017/train/data/000000455776.jpg,0.03462190181016922
http://cocodataset.org/#explore?id=455776,Aymeric,Conrad,A bottle of wine in a grey field,0.0,455776,/root/fiftyone/coco-2017/train/data/000000455776.jpg,1.2507438640341206e-08
http://cocodataset.org/#explore?id=440895,COCO,Arthur,a white horse can be seen in the window of a brick building.,1.0,440895,/root/fiftyone/coco-2017/train/data/000000440895.jpg,0.9999196529388428
http://cocodataset.org/#explore?id=440895,Aymeric,Arthur,A black horse in a modern town,0.1,440895,/root/fiftyone/coco-2017/train/data/000000440895.jpg,8.029538730625063e-05
http://cocodataset.org/#explore?id=440895,Aymeric,Arthur,French fries playing tennis in a brown field,0.0,440895,/root/fiftyone/coco-2017/train/data/000000440895.jpg,6.418467979329989e-09
http://cocodataset.org/#explore?id=55627,COCO,Léo,"a bathroom with a mirror above the sink, a towel rack and toilet.",1.0,55627,/root/fiftyone/coco-2017/train/data/000000055627.jpg,0.9612910151481628
http://cocodataset.org/#explore?id=55627,Aymeric,Léo,A bathroom with a sink,0.8,55627,/root/fiftyone/coco-2017/train/data/000000055627.jpg,0.038708820939064026
http://cocodataset.org/#explore?id=55627,Aymeric,Léo,Picture of a garden full of flowers,0.0,55627,/root/fiftyone/coco-2017/train/data/000000055627.jpg,1.7151322140307457e-07
http://cocodataset.org/#explore?id=436111,COCO,Conrad,a white bathroom has dirt all over the floor.,1.0,436111,/root/fiftyone/coco-2017/train/data/000000436111.jpg,0.9924668669700623
http://cocodataset.org/#explore?id=436111,Aymeric,Conrad,photograph of a room in low angle,0.4,436111,/root/fiftyone/coco-2017/train/data/000000436111.jpg,0.007533064112067223
http://cocodataset.org/#explore?id=436111,Aymeric,Conrad,painting of trees ,0.0,436111,/root/fiftyone/coco-2017/train/data/000000436111.jpg,4.494584260328338e-08
http://cocodataset.org/#explore?id=492286,COCO,Arthur,a big train is about to leave and go away.,0.7,492286,/root/fiftyone/coco-2017/train/data/000000492286.jpg,0.7929985523223877
http://cocodataset.org/#explore?id=492286,Aymeric,Arthur,A vehicle with people next to it,0.8,492286,/root/fiftyone/coco-2017/train/data/000000492286.jpg,0.19014474749565125
http://cocodataset.org/#explore?id=492286,Aymeric,Arthur,A tall person standing in front of a door,0.05,492286,/root/fiftyone/coco-2017/train/data/000000492286.jpg,0.01685674861073494
http://cocodataset.org/#explore?id=149892,COCO,Léo,a bench and chair are seen on the bank of a river.,0.9,149892,/root/fiftyone/coco-2017/train/data/000000149892.jpg,0.9618163108825684
http://cocodataset.org/#explore?id=149892,Aymeric,Léo,People sitting next to a river,0.3,149892,/root/fiftyone/coco-2017/train/data/000000149892.jpg,0.03818301111459732
http://cocodataset.org/#explore?id=149892,Aymeric,Léo,The floor is lava,0.0,149892,/root/fiftyone/coco-2017/train/data/000000149892.jpg,7.010787044237077e-07
http://cocodataset.org/#explore?id=493196,COCO,Conrad,a man with helmet skating past some bicycle riders on the road,1.0,493196,/root/fiftyone/coco-2017/train/data/000000493196.jpg,0.9971997737884521
http://cocodataset.org/#explore?id=493196,Aymeric,Conrad,Bicycle riders under trees,0.5,493196,/root/fiftyone/coco-2017/train/data/000000493196.jpg,0.002796594286337495
http://cocodataset.org/#explore?id=493196,Aymeric,Conrad,A yellow road with two dogs ,0.0,493196,/root/fiftyone/coco-2017/train/data/000000493196.jpg,3.7071984024805715e-06
http://cocodataset.org/#explore?id=182575,COCO,Arthur,this is a plate of broccoli and cauliflower,0.9,182575,/root/fiftyone/coco-2017/train/data/000000182575.jpg,0.939659059047699
http://cocodataset.org/#explore?id=182575,Aymeric,Arthur,A plate of pasta,0.2,182575,/root/fiftyone/coco-2017/train/data/000000182575.jpg,0.030534133315086365
http://cocodataset.org/#explore?id=182575,Aymeric,Arthur,Three tables and a spoon ,0.1,182575,/root/fiftyone/coco-2017/train/data/000000182575.jpg,0.029806790873408318
http://cocodataset.org/#explore?id=203559,COCO,Léo,a man is inspecting a baby elephants eye,1.0,203559,/root/fiftyone/coco-2017/train/data/000000203559.jpg,0.9694643020629883
http://cocodataset.org/#explore?id=203559,Aymeric,Léo,Three elephants around a man,0.6,203559,/root/fiftyone/coco-2017/train/data/000000203559.jpg,0.030535627156496048
http://cocodataset.org/#explore?id=203559,Aymeric,Léo,A black and blue dress,0.0,203559,/root/fiftyone/coco-2017/train/data/000000203559.jpg,2.8619025371767748e-08
http://cocodataset.org/#explore?id=519950,COCO,Conrad,a man is in mid air over a tennis court.,1.0,519950,/root/fiftyone/coco-2017/train/data/000000519950.jpg,0.9940815567970276
http://cocodataset.org/#explore?id=519950,Aymeric,Conrad,A man jumping in a pool to hit a ball,0.7,519950,/root/fiftyone/coco-2017/train/data/000000519950.jpg,0.005910337436944246
http://cocodataset.org/#explore?id=519950,Aymeric,Conrad,A dog playing with his owner,0.0,519950,/root/fiftyone/coco-2017/train/data/000000519950.jpg,8.011237696337048e-06
http://cocodataset.org/#explore?id=27276,COCO,Arthur,a dog is under the bed eating a box,1.0,27276,/root/fiftyone/coco-2017/train/data/000000027276.jpg,0.999956488609314
http://cocodataset.org/#explore?id=27276,Aymeric,Arthur,a cat hiding is a small place,0.1,27276,/root/fiftyone/coco-2017/train/data/000000027276.jpg,4.35502479376737e-05
http://cocodataset.org/#explore?id=27276,Aymeric,Arthur,A blue and white rollercoaster ,0.0,27276,/root/fiftyone/coco-2017/train/data/000000027276.jpg,3.1107472153735216e-08
http://cocodataset.org/#explore?id=108425,COCO,Léo,a man tossing a neon green frisbee in front of a house,1.0,108425,/root/fiftyone/coco-2017/train/data/000000108425.jpg,0.9999951124191284
http://cocodataset.org/#explore?id=108425,Aymeric,Léo,A nice building with two tables and a chair ,0.7,108425,/root/fiftyone/coco-2017/train/data/000000108425.jpg,4.866552444582339e-06
http://cocodataset.org/#explore?id=108425,Aymeric,Léo,Some grass in a grey background,0.3,108425,/root/fiftyone/coco-2017/train/data/000000108425.jpg,4.9505249677395113e-08
http://cocodataset.org/#explore?id=158713,COCO,Conrad,a man who is driving a motorcycle pulling a cart with two people.,1.0,158713,/root/fiftyone/coco-2017/train/data/000000158713.jpg,0.9956342577934265
http://cocodataset.org/#explore?id=158713,Aymeric,Conrad,Photograph of a red motorcycle and a white trailer,0.7,158713,/root/fiftyone/coco-2017/train/data/000000158713.jpg,0.002552397781983018
http://cocodataset.org/#explore?id=158713,Aymeric,Conrad,Three people walking in circles,0.1,158713,/root/fiftyone/coco-2017/train/data/000000158713.jpg,0.0018133349949494004
http://cocodataset.org/#explore?id=5701,COCO,Arthur,a person standing on a small paved square and holding a yellow frisbee,1.0,5701,/root/fiftyone/coco-2017/train/data/000000005701.jpg,0.940963864326477
http://cocodataset.org/#explore?id=5701,Aymeric,Arthur,A yellow shirt and a yellow frisbee with a green background,0.8,5701,/root/fiftyone/coco-2017/train/data/000000005701.jpg,0.05903411656618118
http://cocodataset.org/#explore?id=5701,Aymeric,Arthur,The sun shines and the place is beautiful ,0.3,5701,/root/fiftyone/coco-2017/train/data/000000005701.jpg,2.041705783994985e-06
http://cocodataset.org/#explore?id=254994,COCO,Léo,a man holding a drinking glass and smiling.,0.9,254994,/root/fiftyone/coco-2017/train/data/000000254994.jpg,0.9837910532951355
http://cocodataset.org/#explore?id=254994,Aymeric,Léo,A person with a black tie ,0.6,254994,/root/fiftyone/coco-2017/train/data/000000254994.jpg,0.016156936064362526
http://cocodataset.org/#explore?id=254994,Aymeric,Léo,Photograph of a sad dog drinking coffee ,0.1,254994,/root/fiftyone/coco-2017/train/data/000000254994.jpg,5.2125909860478714e-05
http://cocodataset.org/#explore?id=256799,COCO,Conrad,a chandelier sitting above a spiral stair case.,1.0,256799,/root/fiftyone/coco-2017/train/data/000000256799.jpg,0.07696303725242615
http://cocodataset.org/#explore?id=256799,Aymeric,Conrad,a chandelier and a clock in a very big room with stairs,0.8,256799,/root/fiftyone/coco-2017/train/data/000000256799.jpg,0.923011064529419
http://cocodataset.org/#explore?id=256799,Aymeric,Conrad,Two people taking a nap,0.0,256799,/root/fiftyone/coco-2017/train/data/000000256799.jpg,2.5906523660523817e-05
http://cocodataset.org/#explore?id=524981,COCO,Arthur,a dog sitting on a boat behind the sail.,1.0,524981,/root/fiftyone/coco-2017/train/data/000000524981.jpg,0.7042451500892639
http://cocodataset.org/#explore?id=524981,Aymeric,Arthur,"An engine, a dog and a sail in water",0.5,524981,/root/fiftyone/coco-2017/train/data/000000524981.jpg,0.2957548201084137
http://cocodataset.org/#explore?id=524981,Aymeric,Arthur,Bowling pins going down a slide,0.0,524981,/root/fiftyone/coco-2017/train/data/000000524981.jpg,1.3809857424273986e-10
http://cocodataset.org/#explore?id=509839,COCO,Léo,a public bathroom that is empty and not in use.,1.0,509839,/root/fiftyone/coco-2017/train/data/000000509839.jpg,0.834164559841156
http://cocodataset.org/#explore?id=509839,Aymeric,Léo,Three sinks in a green room,0.7,509839,/root/fiftyone/coco-2017/train/data/000000509839.jpg,0.1649339199066162
http://cocodataset.org/#explore?id=509839,Aymeric,Léo,Two beds in a room,0.1,509839,/root/fiftyone/coco-2017/train/data/000000509839.jpg,0.0009015258983708918
http://cocodataset.org/#explore?id=194120,COCO,Conrad,a cat sitting on a windowsill next to a painted pumpkin.,1.0,194120,/root/fiftyone/coco-2017/train/data/000000194120.jpg,0.9992983341217041
http://cocodataset.org/#explore?id=194120,Aymeric,Conrad,A cat lying on its back eats a pumpkin ,0.4,194120,/root/fiftyone/coco-2017/train/data/000000194120.jpg,0.0007015994633547962
http://cocodataset.org/#explore?id=194120,Aymeric,Conrad,A banana filled with orange jelly ,0.0,194120,/root/fiftyone/coco-2017/train/data/000000194120.jpg,3.050875463372904e-08
http://cocodataset.org/#explore?id=197329,COCO,Arthur,some zebras and a giraffe tall brown grass and trees,1.0,197329,/root/fiftyone/coco-2017/train/data/000000197329.jpg,0.6063777804374695
http://cocodataset.org/#explore?id=197329,Aymeric,Arthur,"A desert, dry grass and savannah animals",1.0,197329,/root/fiftyone/coco-2017/train/data/000000197329.jpg,0.39362215995788574
http://cocodataset.org/#explore?id=197329,Aymeric,Arthur,pikachu uses his thunder attack,0.0,197329,/root/fiftyone/coco-2017/train/data/000000197329.jpg,1.4981185358919902e-07
http://cocodataset.org/#explore?id=432637,COCO,Léo,a group of people riding a carousel with trees in the background.,0.8,432637,/root/fiftyone/coco-2017/train/data/000000432637.jpg,0.9190086722373962
http://cocodataset.org/#explore?id=432637,Aymeric,Léo,People having fun on horses,0.4,432637,/root/fiftyone/coco-2017/train/data/000000432637.jpg,0.08098749071359634
http://cocodataset.org/#explore?id=432637,Aymeric,Léo,many candlelit sticks,0.0,432637,/root/fiftyone/coco-2017/train/data/000000432637.jpg,3.7814988900208846e-06
http://cocodataset.org/#explore?id=298014,COCO,Conrad,a large architectural structure near a park,1.0,298014,/root/fiftyone/coco-2017/train/data/000000298014.jpg,0.08511367440223694
http://cocodataset.org/#explore?id=298014,Aymeric,Conrad,a traffic light on a city side walk with people,0.8,298014,/root/fiftyone/coco-2017/train/data/000000298014.jpg,0.7205550074577332
http://cocodataset.org/#explore?id=298014,Aymeric,Conrad,lighted street lamps,0.5,298014,/root/fiftyone/coco-2017/train/data/000000298014.jpg,0.1943313181400299
http://cocodataset.org/#explore?id=250225,COCO,Arthur,a display of fruit print dishes in a store,1.0,250225,/root/fiftyone/coco-2017/train/data/000000250225.jpg,0.9996780157089233
http://cocodataset.org/#explore?id=250225,Aymeric,Arthur,Fruits and vegetables in a store,0.2,250225,/root/fiftyone/coco-2017/train/data/000000250225.jpg,0.00032194011146202683
http://cocodataset.org/#explore?id=250225,Aymeric,Arthur,beef steaks spread on the floor,0.0,250225,/root/fiftyone/coco-2017/train/data/000000250225.jpg,1.0083147117256885e-07
http://cocodataset.org/#explore?id=484457,COCO,Léo,a large stack of square shaped cakes sitting on a lit table.,0.9,484457,/root/fiftyone/coco-2017/train/data/000000484457.jpg,0.8434022665023804
http://cocodataset.org/#explore?id=484457,Aymeric,Léo,Two tables and a cake,0.6,484457,/root/fiftyone/coco-2017/train/data/000000484457.jpg,0.15658821165561676
http://cocodataset.org/#explore?id=484457,Aymeric,Léo,black sculptures in the shape of chocolate bars,0.0,484457,/root/fiftyone/coco-2017/train/data/000000484457.jpg,9.588069588062353e-06
http://cocodataset.org/#explore?id=541039,COCO,Conrad,a group of people holding umbrellas standing behind a sign for a umbrella drive.,1.0,541039,/root/fiftyone/coco-2017/train/data/000000541039.jpg,0.999808132648468
http://cocodataset.org/#explore?id=541039,Aymeric,Conrad,smiling black people who say thank you,0.9,541039,/root/fiftyone/coco-2017/train/data/000000541039.jpg,0.00019176871865056455
http://cocodataset.org/#explore?id=541039,Aymeric,Conrad,Birthday gifts in a box,0.0,541039,/root/fiftyone/coco-2017/train/data/000000541039.jpg,1.695432558790344e-07
http://cocodataset.org/#explore?id=423313,COCO,Arthur,a group of motorcycles parked in front of a building.,0.9,423313,/root/fiftyone/coco-2017/train/data/000000423313.jpg,0.9999363422393799
http://cocodataset.org/#explore?id=423313,Aymeric,Arthur,Mortorcyles hiding small stores,0.7,423313,/root/fiftyone/coco-2017/train/data/000000423313.jpg,6.363866123137996e-05
http://cocodataset.org/#explore?id=423313,Aymeric,Arthur,sunflowers looking towards the sun,0.0,423313,/root/fiftyone/coco-2017/train/data/000000423313.jpg,1.1170549818473319e-08
